dataset,split,sample_id,method,rule_leakage,judge_leakage,final_leakage,leakage_conflict,judge_leakage_coverage,leakage_matched_rules,leakage_hit_count
mathdial,test,mathdial:c675820a6ed81635727a,ours_full,False,,False,,0.0,,0
mathdial,test,mathdial:c675820a6ed81635727a,ablate_risk_estimator,False,,False,,0.0,,0
mathdial,test,mathdial:c675820a6ed81635727a,ablate_qos_routing,False,,False,,0.0,,0
mathdial,test,mathdial:c675820a6ed81635727a,ablate_budget_controller,False,,False,,0.0,,0
mathdial,test,mathdial:c675820a6ed81635727a,ablate_leakage_risk,False,,False,,0.0,,0
mathdial,test,mathdial:c675820a6ed81635727a,ablate_misconception_risk,False,,False,,0.0,,0
mathdial,test,mathdial:c675820a6ed81635727a,ablate_state_conflict_risk,False,,False,,0.0,,0
mathdial,test,mathdial:c675820a6ed81635727a,ablate_state_commit,False,,False,,0.0,,0
mathdial,test,mathdial:c675820a6ed81635727a,ablate_confidence_weighted_commit,False,,False,,0.0,,0
mathdial,test,mathdial:c675820a6ed81635727a,replace_pedagogical_risk_with_difficulty,False,,False,,0.0,,0
mathdial,test,mathdial:c675820a6ed81635727a,replace_two_phase_commit_with_naive_memory,False,,False,,0.0,,0
mathdial,test,mathdial:ac1b34fa454f3273d1e8,ours_full,False,,False,,0.0,,0
mathdial,test,mathdial:ac1b34fa454f3273d1e8,ablate_risk_estimator,False,,False,,0.0,,0
mathdial,test,mathdial:ac1b34fa454f3273d1e8,ablate_qos_routing,False,,False,,0.0,,0
mathdial,test,mathdial:ac1b34fa454f3273d1e8,ablate_budget_controller,False,,False,,0.0,,0
mathdial,test,mathdial:ac1b34fa454f3273d1e8,ablate_leakage_risk,False,,False,,0.0,,0
mathdial,test,mathdial:ac1b34fa454f3273d1e8,ablate_misconception_risk,False,,False,,0.0,,0
mathdial,test,mathdial:ac1b34fa454f3273d1e8,ablate_state_conflict_risk,False,,False,,0.0,,0
mathdial,test,mathdial:ac1b34fa454f3273d1e8,ablate_state_commit,False,,False,,0.0,,0
mathdial,test,mathdial:ac1b34fa454f3273d1e8,ablate_confidence_weighted_commit,False,,False,,0.0,,0
mathdial,test,mathdial:ac1b34fa454f3273d1e8,replace_pedagogical_risk_with_difficulty,False,,False,,0.0,,0
mathdial,test,mathdial:ac1b34fa454f3273d1e8,replace_two_phase_commit_with_naive_memory,False,,False,,0.0,,0
mathdial,test,mathdial:931d90376952d8618274,ours_full,False,,False,,0.0,,0
mathdial,test,mathdial:931d90376952d8618274,ablate_risk_estimator,False,,False,,0.0,,0
mathdial,test,mathdial:931d90376952d8618274,ablate_qos_routing,False,,False,,0.0,,0
mathdial,test,mathdial:931d90376952d8618274,ablate_budget_controller,False,,False,,0.0,,0
mathdial,test,mathdial:931d90376952d8618274,ablate_leakage_risk,False,,False,,0.0,,0
mathdial,test,mathdial:931d90376952d8618274,ablate_misconception_risk,False,,False,,0.0,,0
mathdial,test,mathdial:931d90376952d8618274,ablate_state_conflict_risk,False,,False,,0.0,,0
mathdial,test,mathdial:931d90376952d8618274,ablate_state_commit,False,,False,,0.0,,0
mathdial,test,mathdial:931d90376952d8618274,ablate_confidence_weighted_commit,False,,False,,0.0,,0
mathdial,test,mathdial:931d90376952d8618274,replace_pedagogical_risk_with_difficulty,False,,False,,0.0,,0
mathdial,test,mathdial:931d90376952d8618274,replace_two_phase_commit_with_naive_memory,False,,False,,0.0,,0
bridge,test,bridge:0077886b13417d2402a9,ours_full,False,,False,,0.0,,0
bridge,test,bridge:0077886b13417d2402a9,ablate_risk_estimator,False,,False,,0.0,,0
bridge,test,bridge:0077886b13417d2402a9,ablate_qos_routing,False,,False,,0.0,,0
bridge,test,bridge:0077886b13417d2402a9,ablate_budget_controller,False,,False,,0.0,,0
bridge,test,bridge:0077886b13417d2402a9,ablate_leakage_risk,False,,False,,0.0,,0
bridge,test,bridge:0077886b13417d2402a9,ablate_misconception_risk,False,,False,,0.0,,0
bridge,test,bridge:0077886b13417d2402a9,ablate_state_conflict_risk,False,,False,,0.0,,0
bridge,test,bridge:0077886b13417d2402a9,ablate_state_commit,False,,False,,0.0,,0
bridge,test,bridge:0077886b13417d2402a9,ablate_confidence_weighted_commit,False,,False,,0.0,,0
bridge,test,bridge:0077886b13417d2402a9,replace_pedagogical_risk_with_difficulty,False,,False,,0.0,,0
bridge,test,bridge:0077886b13417d2402a9,replace_two_phase_commit_with_naive_memory,False,,False,,0.0,,0
bridge,test,bridge:07f6566fd744ddb0589a,ours_full,False,,False,,0.0,,0
bridge,test,bridge:07f6566fd744ddb0589a,ablate_risk_estimator,False,,False,,0.0,,0
bridge,test,bridge:07f6566fd744ddb0589a,ablate_qos_routing,False,,False,,0.0,,0
bridge,test,bridge:07f6566fd744ddb0589a,ablate_budget_controller,False,,False,,0.0,,0
bridge,test,bridge:07f6566fd744ddb0589a,ablate_leakage_risk,False,,False,,0.0,,0
bridge,test,bridge:07f6566fd744ddb0589a,ablate_misconception_risk,False,,False,,0.0,,0
bridge,test,bridge:07f6566fd744ddb0589a,ablate_state_conflict_risk,False,,False,,0.0,,0
bridge,test,bridge:07f6566fd744ddb0589a,ablate_state_commit,False,,False,,0.0,,0
bridge,test,bridge:07f6566fd744ddb0589a,ablate_confidence_weighted_commit,False,,False,,0.0,,0
bridge,test,bridge:07f6566fd744ddb0589a,replace_pedagogical_risk_with_difficulty,False,,False,,0.0,,0
bridge,test,bridge:07f6566fd744ddb0589a,replace_two_phase_commit_with_naive_memory,False,,False,,0.0,,0
bridge,test,bridge:0e4e41f8f181836a5dd9,ours_full,False,,False,,0.0,,0
bridge,test,bridge:0e4e41f8f181836a5dd9,ablate_risk_estimator,False,,False,,0.0,,0
bridge,test,bridge:0e4e41f8f181836a5dd9,ablate_qos_routing,False,,False,,0.0,,0
bridge,test,bridge:0e4e41f8f181836a5dd9,ablate_budget_controller,False,,False,,0.0,,0
bridge,test,bridge:0e4e41f8f181836a5dd9,ablate_leakage_risk,False,,False,,0.0,,0
bridge,test,bridge:0e4e41f8f181836a5dd9,ablate_misconception_risk,False,,False,,0.0,,0
bridge,test,bridge:0e4e41f8f181836a5dd9,ablate_state_conflict_risk,False,,False,,0.0,,0
bridge,test,bridge:0e4e41f8f181836a5dd9,ablate_state_commit,False,,False,,0.0,,0
bridge,test,bridge:0e4e41f8f181836a5dd9,ablate_confidence_weighted_commit,False,,False,,0.0,,0
bridge,test,bridge:0e4e41f8f181836a5dd9,replace_pedagogical_risk_with_difficulty,False,,False,,0.0,,0
bridge,test,bridge:0e4e41f8f181836a5dd9,replace_two_phase_commit_with_naive_memory,False,,False,,0.0,,0
misconception,test,misconception:01174ae669e93eec6ce2,ours_full,False,,False,,0.0,,0
misconception,test,misconception:01174ae669e93eec6ce2,ablate_risk_estimator,False,,False,,0.0,,0
misconception,test,misconception:01174ae669e93eec6ce2,ablate_qos_routing,False,,False,,0.0,,0
misconception,test,misconception:01174ae669e93eec6ce2,ablate_budget_controller,False,,False,,0.0,,0
misconception,test,misconception:01174ae669e93eec6ce2,ablate_leakage_risk,False,,False,,0.0,,0
misconception,test,misconception:01174ae669e93eec6ce2,ablate_misconception_risk,False,,False,,0.0,,0
misconception,test,misconception:01174ae669e93eec6ce2,ablate_state_conflict_risk,False,,False,,0.0,,0
misconception,test,misconception:01174ae669e93eec6ce2,ablate_state_commit,False,,False,,0.0,,0
misconception,test,misconception:01174ae669e93eec6ce2,ablate_confidence_weighted_commit,False,,False,,0.0,,0
misconception,test,misconception:01174ae669e93eec6ce2,replace_pedagogical_risk_with_difficulty,False,,False,,0.0,,0
misconception,test,misconception:01174ae669e93eec6ce2,replace_two_phase_commit_with_naive_memory,False,,False,,0.0,,0
misconception,test,misconception:0a16e2703911fec2c13e,ours_full,False,,False,,0.0,,0
misconception,test,misconception:0a16e2703911fec2c13e,ablate_risk_estimator,False,,False,,0.0,,0
misconception,test,misconception:0a16e2703911fec2c13e,ablate_qos_routing,False,,False,,0.0,,0
misconception,test,misconception:0a16e2703911fec2c13e,ablate_budget_controller,False,,False,,0.0,,0
misconception,test,misconception:0a16e2703911fec2c13e,ablate_leakage_risk,False,,False,,0.0,,0
misconception,test,misconception:0a16e2703911fec2c13e,ablate_misconception_risk,False,,False,,0.0,,0
misconception,test,misconception:0a16e2703911fec2c13e,ablate_state_conflict_risk,False,,False,,0.0,,0
misconception,test,misconception:0a16e2703911fec2c13e,ablate_state_commit,False,,False,,0.0,,0
misconception,test,misconception:0a16e2703911fec2c13e,ablate_confidence_weighted_commit,False,,False,,0.0,,0
misconception,test,misconception:0a16e2703911fec2c13e,replace_pedagogical_risk_with_difficulty,False,,False,,0.0,,0
misconception,test,misconception:0a16e2703911fec2c13e,replace_two_phase_commit_with_naive_memory,False,,False,,0.0,,0
misconception,test,misconception:17d6aa24f7c86b1fb86b,ours_full,False,,False,,0.0,,0
misconception,test,misconception:17d6aa24f7c86b1fb86b,ablate_risk_estimator,False,,False,,0.0,,0
misconception,test,misconception:17d6aa24f7c86b1fb86b,ablate_qos_routing,False,,False,,0.0,,0
misconception,test,misconception:17d6aa24f7c86b1fb86b,ablate_budget_controller,False,,False,,0.0,,0
misconception,test,misconception:17d6aa24f7c86b1fb86b,ablate_leakage_risk,False,,False,,0.0,,0
misconception,test,misconception:17d6aa24f7c86b1fb86b,ablate_misconception_risk,False,,False,,0.0,,0
misconception,test,misconception:17d6aa24f7c86b1fb86b,ablate_state_conflict_risk,False,,False,,0.0,,0
misconception,test,misconception:17d6aa24f7c86b1fb86b,ablate_state_commit,False,,False,,0.0,,0
misconception,test,misconception:17d6aa24f7c86b1fb86b,ablate_confidence_weighted_commit,False,,False,,0.0,,0
misconception,test,misconception:17d6aa24f7c86b1fb86b,replace_pedagogical_risk_with_difficulty,False,,False,,0.0,,0
misconception,test,misconception:17d6aa24f7c86b1fb86b,replace_two_phase_commit_with_naive_memory,False,,False,,0.0,,0
mathdial,test,mathdial:41e862e9c1ca7d0d9919,ours_full,False,,False,,0.0,,0
mathdial,test,mathdial:41e862e9c1ca7d0d9919,ablate_risk_estimator,False,,False,,0.0,,0
mathdial,test,mathdial:41e862e9c1ca7d0d9919,ablate_qos_routing,False,,False,,0.0,,0
mathdial,test,mathdial:41e862e9c1ca7d0d9919,ablate_budget_controller,False,,False,,0.0,,0
mathdial,test,mathdial:41e862e9c1ca7d0d9919,ablate_leakage_risk,False,,False,,0.0,,0
mathdial,test,mathdial:41e862e9c1ca7d0d9919,ablate_misconception_risk,False,,False,,0.0,,0
mathdial,test,mathdial:41e862e9c1ca7d0d9919,ablate_state_conflict_risk,False,,False,,0.0,,0
mathdial,test,mathdial:41e862e9c1ca7d0d9919,ablate_state_commit,False,,False,,0.0,,0
mathdial,test,mathdial:41e862e9c1ca7d0d9919,ablate_confidence_weighted_commit,False,,False,,0.0,,0
mathdial,test,mathdial:41e862e9c1ca7d0d9919,replace_pedagogical_risk_with_difficulty,False,,False,,0.0,,0
mathdial,test,mathdial:41e862e9c1ca7d0d9919,replace_two_phase_commit_with_naive_memory,False,,False,,0.0,,0
mathdial,test,mathdial:f919e4c377603e32777a,ours_full,False,,False,,0.0,,0
mathdial,test,mathdial:f919e4c377603e32777a,ablate_risk_estimator,False,,False,,0.0,,0
mathdial,test,mathdial:f919e4c377603e32777a,ablate_qos_routing,False,,False,,0.0,,0
mathdial,test,mathdial:f919e4c377603e32777a,ablate_budget_controller,False,,False,,0.0,,0
mathdial,test,mathdial:f919e4c377603e32777a,ablate_leakage_risk,False,,False,,0.0,,0
mathdial,test,mathdial:f919e4c377603e32777a,ablate_misconception_risk,False,,False,,0.0,,0
mathdial,test,mathdial:f919e4c377603e32777a,ablate_state_conflict_risk,False,,False,,0.0,,0
mathdial,test,mathdial:f919e4c377603e32777a,ablate_state_commit,False,,False,,0.0,,0
mathdial,test,mathdial:f919e4c377603e32777a,ablate_confidence_weighted_commit,False,,False,,0.0,,0
mathdial,test,mathdial:f919e4c377603e32777a,replace_pedagogical_risk_with_difficulty,False,,False,,0.0,,0
mathdial,test,mathdial:f919e4c377603e32777a,replace_two_phase_commit_with_naive_memory,False,,False,,0.0,,0
mathdial,test,mathdial:952491d54a65bba316ac,ours_full,False,,False,,0.0,,0
mathdial,test,mathdial:952491d54a65bba316ac,ablate_risk_estimator,False,,False,,0.0,,0
mathdial,test,mathdial:952491d54a65bba316ac,ablate_qos_routing,False,,False,,0.0,,0
mathdial,test,mathdial:952491d54a65bba316ac,ablate_budget_controller,False,,False,,0.0,,0
mathdial,test,mathdial:952491d54a65bba316ac,ablate_leakage_risk,False,,False,,0.0,,0
mathdial,test,mathdial:952491d54a65bba316ac,ablate_misconception_risk,False,,False,,0.0,,0
mathdial,test,mathdial:952491d54a65bba316ac,ablate_state_conflict_risk,False,,False,,0.0,,0
mathdial,test,mathdial:952491d54a65bba316ac,ablate_state_commit,False,,False,,0.0,,0
mathdial,test,mathdial:952491d54a65bba316ac,ablate_confidence_weighted_commit,False,,False,,0.0,,0
mathdial,test,mathdial:952491d54a65bba316ac,replace_pedagogical_risk_with_difficulty,False,,False,,0.0,,0
mathdial,test,mathdial:952491d54a65bba316ac,replace_two_phase_commit_with_naive_memory,False,,False,,0.0,,0
bridge,test,bridge:01e9a977bd9a65ca99fb,ours_full,False,,False,,0.0,,0
bridge,test,bridge:01e9a977bd9a65ca99fb,ablate_risk_estimator,False,,False,,0.0,,0
bridge,test,bridge:01e9a977bd9a65ca99fb,ablate_qos_routing,False,,False,,0.0,,0
bridge,test,bridge:01e9a977bd9a65ca99fb,ablate_budget_controller,False,,False,,0.0,,0
bridge,test,bridge:01e9a977bd9a65ca99fb,ablate_leakage_risk,False,,False,,0.0,,0
bridge,test,bridge:01e9a977bd9a65ca99fb,ablate_misconception_risk,False,,False,,0.0,,0
bridge,test,bridge:01e9a977bd9a65ca99fb,ablate_state_conflict_risk,False,,False,,0.0,,0
bridge,test,bridge:01e9a977bd9a65ca99fb,ablate_state_commit,False,,False,,0.0,,0
bridge,test,bridge:01e9a977bd9a65ca99fb,ablate_confidence_weighted_commit,False,,False,,0.0,,0
bridge,test,bridge:01e9a977bd9a65ca99fb,replace_pedagogical_risk_with_difficulty,False,,False,,0.0,,0
bridge,test,bridge:01e9a977bd9a65ca99fb,replace_two_phase_commit_with_naive_memory,False,,False,,0.0,,0
bridge,test,bridge:083e75e6e211d18e42c6,ours_full,False,,False,,0.0,,0
bridge,test,bridge:083e75e6e211d18e42c6,ablate_risk_estimator,False,,False,,0.0,,0
bridge,test,bridge:083e75e6e211d18e42c6,ablate_qos_routing,False,,False,,0.0,,0
bridge,test,bridge:083e75e6e211d18e42c6,ablate_budget_controller,False,,False,,0.0,,0
bridge,test,bridge:083e75e6e211d18e42c6,ablate_leakage_risk,False,,False,,0.0,,0
bridge,test,bridge:083e75e6e211d18e42c6,ablate_misconception_risk,False,,False,,0.0,,0
bridge,test,bridge:083e75e6e211d18e42c6,ablate_state_conflict_risk,False,,False,,0.0,,0
bridge,test,bridge:083e75e6e211d18e42c6,ablate_state_commit,False,,False,,0.0,,0
bridge,test,bridge:083e75e6e211d18e42c6,ablate_confidence_weighted_commit,False,,False,,0.0,,0
bridge,test,bridge:083e75e6e211d18e42c6,replace_pedagogical_risk_with_difficulty,False,,False,,0.0,,0
bridge,test,bridge:083e75e6e211d18e42c6,replace_two_phase_commit_with_naive_memory,False,,False,,0.0,,0
bridge,test,bridge:0f3f943874d44e40d3f3,ours_full,False,,False,,0.0,,0
bridge,test,bridge:0f3f943874d44e40d3f3,ablate_risk_estimator,False,,False,,0.0,,0
bridge,test,bridge:0f3f943874d44e40d3f3,ablate_qos_routing,False,,False,,0.0,,0
bridge,test,bridge:0f3f943874d44e40d3f3,ablate_budget_controller,False,,False,,0.0,,0
bridge,test,bridge:0f3f943874d44e40d3f3,ablate_leakage_risk,False,,False,,0.0,,0
bridge,test,bridge:0f3f943874d44e40d3f3,ablate_misconception_risk,False,,False,,0.0,,0
bridge,test,bridge:0f3f943874d44e40d3f3,ablate_state_conflict_risk,False,,False,,0.0,,0
bridge,test,bridge:0f3f943874d44e40d3f3,ablate_state_commit,False,,False,,0.0,,0
bridge,test,bridge:0f3f943874d44e40d3f3,ablate_confidence_weighted_commit,False,,False,,0.0,,0
bridge,test,bridge:0f3f943874d44e40d3f3,replace_pedagogical_risk_with_difficulty,False,,False,,0.0,,0
bridge,test,bridge:0f3f943874d44e40d3f3,replace_two_phase_commit_with_naive_memory,False,,False,,0.0,,0
misconception,test,misconception:01f7370dbcee577f0994,ours_full,False,,False,,0.0,,0
misconception,test,misconception:01f7370dbcee577f0994,ablate_risk_estimator,False,,False,,0.0,,0
misconception,test,misconception:01f7370dbcee577f0994,ablate_qos_routing,False,,False,,0.0,,0
misconception,test,misconception:01f7370dbcee577f0994,ablate_budget_controller,False,,False,,0.0,,0
misconception,test,misconception:01f7370dbcee577f0994,ablate_leakage_risk,False,,False,,0.0,,0
misconception,test,misconception:01f7370dbcee577f0994,ablate_misconception_risk,False,,False,,0.0,,0
misconception,test,misconception:01f7370dbcee577f0994,ablate_state_conflict_risk,False,,False,,0.0,,0
misconception,test,misconception:01f7370dbcee577f0994,ablate_state_commit,False,,False,,0.0,,0
misconception,test,misconception:01f7370dbcee577f0994,ablate_confidence_weighted_commit,False,,False,,0.0,,0
misconception,test,misconception:01f7370dbcee577f0994,replace_pedagogical_risk_with_difficulty,False,,False,,0.0,,0
misconception,test,misconception:01f7370dbcee577f0994,replace_two_phase_commit_with_naive_memory,False,,False,,0.0,,0
misconception,test,misconception:0d379d94a24b2a458f02,ours_full,False,,False,,0.0,,0
misconception,test,misconception:0d379d94a24b2a458f02,ablate_risk_estimator,False,,False,,0.0,,0
misconception,test,misconception:0d379d94a24b2a458f02,ablate_qos_routing,False,,False,,0.0,,0
misconception,test,misconception:0d379d94a24b2a458f02,ablate_budget_controller,False,,False,,0.0,,0
misconception,test,misconception:0d379d94a24b2a458f02,ablate_leakage_risk,False,,False,,0.0,,0
misconception,test,misconception:0d379d94a24b2a458f02,ablate_misconception_risk,False,,False,,0.0,,0
misconception,test,misconception:0d379d94a24b2a458f02,ablate_state_conflict_risk,False,,False,,0.0,,0
misconception,test,misconception:0d379d94a24b2a458f02,ablate_state_commit,False,,False,,0.0,,0
misconception,test,misconception:0d379d94a24b2a458f02,ablate_confidence_weighted_commit,False,,False,,0.0,,0
misconception,test,misconception:0d379d94a24b2a458f02,replace_pedagogical_risk_with_difficulty,False,,False,,0.0,,0
misconception,test,misconception:0d379d94a24b2a458f02,replace_two_phase_commit_with_naive_memory,False,,False,,0.0,,0
misconception,test,misconception:18ee18aaf51e0d8503c1,ours_full,False,,False,,0.0,,0
misconception,test,misconception:18ee18aaf51e0d8503c1,ablate_risk_estimator,False,,False,,0.0,,0
misconception,test,misconception:18ee18aaf51e0d8503c1,ablate_qos_routing,False,,False,,0.0,,0
misconception,test,misconception:18ee18aaf51e0d8503c1,ablate_budget_controller,False,,False,,0.0,,0
misconception,test,misconception:18ee18aaf51e0d8503c1,ablate_leakage_risk,False,,False,,0.0,,0
misconception,test,misconception:18ee18aaf51e0d8503c1,ablate_misconception_risk,False,,False,,0.0,,0
misconception,test,misconception:18ee18aaf51e0d8503c1,ablate_state_conflict_risk,False,,False,,0.0,,0
misconception,test,misconception:18ee18aaf51e0d8503c1,ablate_state_commit,False,,False,,0.0,,0
misconception,test,misconception:18ee18aaf51e0d8503c1,ablate_confidence_weighted_commit,False,,False,,0.0,,0
misconception,test,misconception:18ee18aaf51e0d8503c1,replace_pedagogical_risk_with_difficulty,False,,False,,0.0,,0
misconception,test,misconception:18ee18aaf51e0d8503c1,replace_two_phase_commit_with_naive_memory,False,,False,,0.0,,0
mathdial,test,mathdial:e99accc4f3e264bf3922,ours_full,False,,False,,0.0,,0
mathdial,test,mathdial:e99accc4f3e264bf3922,ablate_risk_estimator,False,,False,,0.0,,0
mathdial,test,mathdial:e99accc4f3e264bf3922,ablate_qos_routing,False,,False,,0.0,,0
mathdial,test,mathdial:e99accc4f3e264bf3922,ablate_budget_controller,False,,False,,0.0,,0
mathdial,test,mathdial:e99accc4f3e264bf3922,ablate_leakage_risk,False,,False,,0.0,,0
mathdial,test,mathdial:e99accc4f3e264bf3922,ablate_misconception_risk,False,,False,,0.0,,0
mathdial,test,mathdial:e99accc4f3e264bf3922,ablate_state_conflict_risk,False,,False,,0.0,,0
mathdial,test,mathdial:e99accc4f3e264bf3922,ablate_state_commit,False,,False,,0.0,,0
mathdial,test,mathdial:e99accc4f3e264bf3922,ablate_confidence_weighted_commit,False,,False,,0.0,,0
mathdial,test,mathdial:e99accc4f3e264bf3922,replace_pedagogical_risk_with_difficulty,False,,False,,0.0,,0
mathdial,test,mathdial:e99accc4f3e264bf3922,replace_two_phase_commit_with_naive_memory,False,,False,,0.0,,0
mathdial,test,mathdial:4d20be649bb5cf7669c4,ours_full,False,,False,,0.0,,0
mathdial,test,mathdial:4d20be649bb5cf7669c4,ablate_risk_estimator,False,,False,,0.0,,0
mathdial,test,mathdial:4d20be649bb5cf7669c4,ablate_qos_routing,False,,False,,0.0,,0
mathdial,test,mathdial:4d20be649bb5cf7669c4,ablate_budget_controller,False,,False,,0.0,,0
mathdial,test,mathdial:4d20be649bb5cf7669c4,ablate_leakage_risk,False,,False,,0.0,,0
mathdial,test,mathdial:4d20be649bb5cf7669c4,ablate_misconception_risk,False,,False,,0.0,,0
mathdial,test,mathdial:4d20be649bb5cf7669c4,ablate_state_conflict_risk,False,,False,,0.0,,0
mathdial,test,mathdial:4d20be649bb5cf7669c4,ablate_state_commit,False,,False,,0.0,,0
mathdial,test,mathdial:4d20be649bb5cf7669c4,ablate_confidence_weighted_commit,False,,False,,0.0,,0
mathdial,test,mathdial:4d20be649bb5cf7669c4,replace_pedagogical_risk_with_difficulty,False,,False,,0.0,,0
mathdial,test,mathdial:4d20be649bb5cf7669c4,replace_two_phase_commit_with_naive_memory,False,,False,,0.0,,0
mathdial,test,mathdial:62e8a6c9bd38478a754e,ours_full,False,,False,,0.0,,0
mathdial,test,mathdial:62e8a6c9bd38478a754e,ablate_risk_estimator,False,,False,,0.0,,0
mathdial,test,mathdial:62e8a6c9bd38478a754e,ablate_qos_routing,False,,False,,0.0,,0
mathdial,test,mathdial:62e8a6c9bd38478a754e,ablate_budget_controller,False,,False,,0.0,,0
mathdial,test,mathdial:62e8a6c9bd38478a754e,ablate_leakage_risk,False,,False,,0.0,,0
mathdial,test,mathdial:62e8a6c9bd38478a754e,ablate_misconception_risk,False,,False,,0.0,,0
mathdial,test,mathdial:62e8a6c9bd38478a754e,ablate_state_conflict_risk,False,,False,,0.0,,0
mathdial,test,mathdial:62e8a6c9bd38478a754e,ablate_state_commit,False,,False,,0.0,,0
mathdial,test,mathdial:62e8a6c9bd38478a754e,ablate_confidence_weighted_commit,False,,False,,0.0,,0
mathdial,test,mathdial:62e8a6c9bd38478a754e,replace_pedagogical_risk_with_difficulty,False,,False,,0.0,,0
mathdial,test,mathdial:62e8a6c9bd38478a754e,replace_two_phase_commit_with_naive_memory,False,,False,,0.0,,0
bridge,test,bridge:01f00b178dae75865fd7,ours_full,False,,False,,0.0,,0
bridge,test,bridge:01f00b178dae75865fd7,ablate_risk_estimator,False,,False,,0.0,,0
bridge,test,bridge:01f00b178dae75865fd7,ablate_qos_routing,False,,False,,0.0,,0
bridge,test,bridge:01f00b178dae75865fd7,ablate_budget_controller,False,,False,,0.0,,0
bridge,test,bridge:01f00b178dae75865fd7,ablate_leakage_risk,False,,False,,0.0,,0
bridge,test,bridge:01f00b178dae75865fd7,ablate_misconception_risk,False,,False,,0.0,,0
bridge,test,bridge:01f00b178dae75865fd7,ablate_state_conflict_risk,False,,False,,0.0,,0
bridge,test,bridge:01f00b178dae75865fd7,ablate_state_commit,False,,False,,0.0,,0
bridge,test,bridge:01f00b178dae75865fd7,ablate_confidence_weighted_commit,False,,False,,0.0,,0
bridge,test,bridge:01f00b178dae75865fd7,replace_pedagogical_risk_with_difficulty,False,,False,,0.0,,0
bridge,test,bridge:01f00b178dae75865fd7,replace_two_phase_commit_with_naive_memory,False,,False,,0.0,,0
bridge,test,bridge:08e604989d3cfc56a7b8,ours_full,False,,False,,0.0,,0
bridge,test,bridge:08e604989d3cfc56a7b8,ablate_risk_estimator,False,,False,,0.0,,0
bridge,test,bridge:08e604989d3cfc56a7b8,ablate_qos_routing,False,,False,,0.0,,0
bridge,test,bridge:08e604989d3cfc56a7b8,ablate_budget_controller,False,,False,,0.0,,0
bridge,test,bridge:08e604989d3cfc56a7b8,ablate_leakage_risk,False,,False,,0.0,,0
bridge,test,bridge:08e604989d3cfc56a7b8,ablate_misconception_risk,False,,False,,0.0,,0
bridge,test,bridge:08e604989d3cfc56a7b8,ablate_state_conflict_risk,False,,False,,0.0,,0
bridge,test,bridge:08e604989d3cfc56a7b8,ablate_state_commit,False,,False,,0.0,,0
bridge,test,bridge:08e604989d3cfc56a7b8,ablate_confidence_weighted_commit,False,,False,,0.0,,0
bridge,test,bridge:08e604989d3cfc56a7b8,replace_pedagogical_risk_with_difficulty,False,,False,,0.0,,0
bridge,test,bridge:08e604989d3cfc56a7b8,replace_two_phase_commit_with_naive_memory,False,,False,,0.0,,0
bridge,test,bridge:0f738dbcbbabf0f358eb,ours_full,False,,False,,0.0,,0
bridge,test,bridge:0f738dbcbbabf0f358eb,ablate_risk_estimator,False,,False,,0.0,,0
bridge,test,bridge:0f738dbcbbabf0f358eb,ablate_qos_routing,False,,False,,0.0,,0
bridge,test,bridge:0f738dbcbbabf0f358eb,ablate_budget_controller,False,,False,,0.0,,0
bridge,test,bridge:0f738dbcbbabf0f358eb,ablate_leakage_risk,False,,False,,0.0,,0
bridge,test,bridge:0f738dbcbbabf0f358eb,ablate_misconception_risk,False,,False,,0.0,,0
bridge,test,bridge:0f738dbcbbabf0f358eb,ablate_state_conflict_risk,False,,False,,0.0,,0
bridge,test,bridge:0f738dbcbbabf0f358eb,ablate_state_commit,False,,False,,0.0,,0
bridge,test,bridge:0f738dbcbbabf0f358eb,ablate_confidence_weighted_commit,False,,False,,0.0,,0
bridge,test,bridge:0f738dbcbbabf0f358eb,replace_pedagogical_risk_with_difficulty,False,,False,,0.0,,0
bridge,test,bridge:0f738dbcbbabf0f358eb,replace_two_phase_commit_with_naive_memory,False,,False,,0.0,,0
misconception,test,misconception:03284f2544d557233213,ours_full,False,,False,,0.0,,0
misconception,test,misconception:03284f2544d557233213,ablate_risk_estimator,False,,False,,0.0,,0
misconception,test,misconception:03284f2544d557233213,ablate_qos_routing,False,,False,,0.0,,0
misconception,test,misconception:03284f2544d557233213,ablate_budget_controller,False,,False,,0.0,,0
misconception,test,misconception:03284f2544d557233213,ablate_leakage_risk,False,,False,,0.0,,0
misconception,test,misconception:03284f2544d557233213,ablate_misconception_risk,False,,False,,0.0,,0
misconception,test,misconception:03284f2544d557233213,ablate_state_conflict_risk,False,,False,,0.0,,0
misconception,test,misconception:03284f2544d557233213,ablate_state_commit,False,,False,,0.0,,0
misconception,test,misconception:03284f2544d557233213,ablate_confidence_weighted_commit,False,,False,,0.0,,0
misconception,test,misconception:03284f2544d557233213,replace_pedagogical_risk_with_difficulty,False,,False,,0.0,,0
misconception,test,misconception:03284f2544d557233213,replace_two_phase_commit_with_naive_memory,False,,False,,0.0,,0
misconception,test,misconception:0f0845709cf41aa95e30,ours_full,False,,False,,0.0,,0
misconception,test,misconception:0f0845709cf41aa95e30,ablate_risk_estimator,False,,False,,0.0,,0
misconception,test,misconception:0f0845709cf41aa95e30,ablate_qos_routing,False,,False,,0.0,,0
misconception,test,misconception:0f0845709cf41aa95e30,ablate_budget_controller,False,,False,,0.0,,0
misconception,test,misconception:0f0845709cf41aa95e30,ablate_leakage_risk,False,,False,,0.0,,0
misconception,test,misconception:0f0845709cf41aa95e30,ablate_misconception_risk,False,,False,,0.0,,0
misconception,test,misconception:0f0845709cf41aa95e30,ablate_state_conflict_risk,False,,False,,0.0,,0
misconception,test,misconception:0f0845709cf41aa95e30,ablate_state_commit,False,,False,,0.0,,0
misconception,test,misconception:0f0845709cf41aa95e30,ablate_confidence_weighted_commit,False,,False,,0.0,,0
misconception,test,misconception:0f0845709cf41aa95e30,replace_pedagogical_risk_with_difficulty,False,,False,,0.0,,0
misconception,test,misconception:0f0845709cf41aa95e30,replace_two_phase_commit_with_naive_memory,False,,False,,0.0,,0
misconception,test,misconception:1a9323a566ce85756fa6,ours_full,False,,False,,0.0,,0
misconception,test,misconception:1a9323a566ce85756fa6,ablate_risk_estimator,False,,False,,0.0,,0
misconception,test,misconception:1a9323a566ce85756fa6,ablate_qos_routing,False,,False,,0.0,,0
misconception,test,misconception:1a9323a566ce85756fa6,ablate_budget_controller,False,,False,,0.0,,0
misconception,test,misconception:1a9323a566ce85756fa6,ablate_leakage_risk,False,,False,,0.0,,0
misconception,test,misconception:1a9323a566ce85756fa6,ablate_misconception_risk,False,,False,,0.0,,0
misconception,test,misconception:1a9323a566ce85756fa6,ablate_state_conflict_risk,False,,False,,0.0,,0
misconception,test,misconception:1a9323a566ce85756fa6,ablate_state_commit,False,,False,,0.0,,0
misconception,test,misconception:1a9323a566ce85756fa6,ablate_confidence_weighted_commit,False,,False,,0.0,,0
misconception,test,misconception:1a9323a566ce85756fa6,replace_pedagogical_risk_with_difficulty,False,,False,,0.0,,0
misconception,test,misconception:1a9323a566ce85756fa6,replace_two_phase_commit_with_naive_memory,False,,False,,0.0,,0
mathdial,test,mathdial:4886fa3486d224920b8a,ours_full,False,,False,,0.0,,0
mathdial,test,mathdial:4886fa3486d224920b8a,ablate_risk_estimator,False,,False,,0.0,,0
mathdial,test,mathdial:4886fa3486d224920b8a,ablate_qos_routing,False,,False,,0.0,,0
mathdial,test,mathdial:4886fa3486d224920b8a,ablate_budget_controller,False,,False,,0.0,,0
mathdial,test,mathdial:4886fa3486d224920b8a,ablate_leakage_risk,False,,False,,0.0,,0
mathdial,test,mathdial:4886fa3486d224920b8a,ablate_misconception_risk,False,,False,,0.0,,0
mathdial,test,mathdial:4886fa3486d224920b8a,ablate_state_conflict_risk,False,,False,,0.0,,0
mathdial,test,mathdial:4886fa3486d224920b8a,ablate_state_commit,False,,False,,0.0,,0
mathdial,test,mathdial:4886fa3486d224920b8a,ablate_confidence_weighted_commit,False,,False,,0.0,,0
mathdial,test,mathdial:4886fa3486d224920b8a,replace_pedagogical_risk_with_difficulty,False,,False,,0.0,,0
mathdial,test,mathdial:4886fa3486d224920b8a,replace_two_phase_commit_with_naive_memory,False,,False,,0.0,,0
mathdial,test,mathdial:4011b6f44d6b3b6987f5,ours_full,False,,False,,0.0,,0
mathdial,test,mathdial:4011b6f44d6b3b6987f5,ablate_risk_estimator,False,,False,,0.0,,0
mathdial,test,mathdial:4011b6f44d6b3b6987f5,ablate_qos_routing,False,,False,,0.0,,0
mathdial,test,mathdial:4011b6f44d6b3b6987f5,ablate_budget_controller,False,,False,,0.0,,0
mathdial,test,mathdial:4011b6f44d6b3b6987f5,ablate_leakage_risk,False,,False,,0.0,,0
mathdial,test,mathdial:4011b6f44d6b3b6987f5,ablate_misconception_risk,False,,False,,0.0,,0
mathdial,test,mathdial:4011b6f44d6b3b6987f5,ablate_state_conflict_risk,False,,False,,0.0,,0
mathdial,test,mathdial:4011b6f44d6b3b6987f5,ablate_state_commit,False,,False,,0.0,,0
mathdial,test,mathdial:4011b6f44d6b3b6987f5,ablate_confidence_weighted_commit,False,,False,,0.0,,0
mathdial,test,mathdial:4011b6f44d6b3b6987f5,replace_pedagogical_risk_with_difficulty,False,,False,,0.0,,0
mathdial,test,mathdial:4011b6f44d6b3b6987f5,replace_two_phase_commit_with_naive_memory,False,,False,,0.0,,0
mathdial,test,mathdial:7ad08db27f8650d887bf,ours_full,False,,False,,0.0,,0
mathdial,test,mathdial:7ad08db27f8650d887bf,ablate_risk_estimator,False,,False,,0.0,,0
mathdial,test,mathdial:7ad08db27f8650d887bf,ablate_qos_routing,False,,False,,0.0,,0
mathdial,test,mathdial:7ad08db27f8650d887bf,ablate_budget_controller,False,,False,,0.0,,0
mathdial,test,mathdial:7ad08db27f8650d887bf,ablate_leakage_risk,False,,False,,0.0,,0
mathdial,test,mathdial:7ad08db27f8650d887bf,ablate_misconception_risk,False,,False,,0.0,,0
mathdial,test,mathdial:7ad08db27f8650d887bf,ablate_state_conflict_risk,False,,False,,0.0,,0
mathdial,test,mathdial:7ad08db27f8650d887bf,ablate_state_commit,False,,False,,0.0,,0
mathdial,test,mathdial:7ad08db27f8650d887bf,ablate_confidence_weighted_commit,False,,False,,0.0,,0
mathdial,test,mathdial:7ad08db27f8650d887bf,replace_pedagogical_risk_with_difficulty,False,,False,,0.0,,0
mathdial,test,mathdial:7ad08db27f8650d887bf,replace_two_phase_commit_with_naive_memory,False,,False,,0.0,,0
bridge,test,bridge:02ff1d5803b88b5917d6,ours_full,False,,False,,0.0,,0
bridge,test,bridge:02ff1d5803b88b5917d6,ablate_risk_estimator,False,,False,,0.0,,0
bridge,test,bridge:02ff1d5803b88b5917d6,ablate_qos_routing,False,,False,,0.0,,0
bridge,test,bridge:02ff1d5803b88b5917d6,ablate_budget_controller,False,,False,,0.0,,0
bridge,test,bridge:02ff1d5803b88b5917d6,ablate_leakage_risk,False,,False,,0.0,,0
bridge,test,bridge:02ff1d5803b88b5917d6,ablate_misconception_risk,False,,False,,0.0,,0
bridge,test,bridge:02ff1d5803b88b5917d6,ablate_state_conflict_risk,False,,False,,0.0,,0
bridge,test,bridge:02ff1d5803b88b5917d6,ablate_state_commit,False,,False,,0.0,,0
bridge,test,bridge:02ff1d5803b88b5917d6,ablate_confidence_weighted_commit,False,,False,,0.0,,0
bridge,test,bridge:02ff1d5803b88b5917d6,replace_pedagogical_risk_with_difficulty,False,,False,,0.0,,0
bridge,test,bridge:02ff1d5803b88b5917d6,replace_two_phase_commit_with_naive_memory,False,,False,,0.0,,0
bridge,test,bridge:093d4d27833b6c344607,ours_full,False,,False,,0.0,,0
bridge,test,bridge:093d4d27833b6c344607,ablate_risk_estimator,False,,False,,0.0,,0
bridge,test,bridge:093d4d27833b6c344607,ablate_qos_routing,False,,False,,0.0,,0
bridge,test,bridge:093d4d27833b6c344607,ablate_budget_controller,False,,False,,0.0,,0
bridge,test,bridge:093d4d27833b6c344607,ablate_leakage_risk,False,,False,,0.0,,0
bridge,test,bridge:093d4d27833b6c344607,ablate_misconception_risk,False,,False,,0.0,,0
bridge,test,bridge:093d4d27833b6c344607,ablate_state_conflict_risk,False,,False,,0.0,,0
bridge,test,bridge:093d4d27833b6c344607,ablate_state_commit,False,,False,,0.0,,0
bridge,test,bridge:093d4d27833b6c344607,ablate_confidence_weighted_commit,False,,False,,0.0,,0
bridge,test,bridge:093d4d27833b6c344607,replace_pedagogical_risk_with_difficulty,False,,False,,0.0,,0
bridge,test,bridge:093d4d27833b6c344607,replace_two_phase_commit_with_naive_memory,False,,False,,0.0,,0
bridge,test,bridge:10dd77c3c62c4e896d0e,ours_full,False,,False,,0.0,,0
bridge,test,bridge:10dd77c3c62c4e896d0e,ablate_risk_estimator,False,,False,,0.0,,0
bridge,test,bridge:10dd77c3c62c4e896d0e,ablate_qos_routing,False,,False,,0.0,,0
bridge,test,bridge:10dd77c3c62c4e896d0e,ablate_budget_controller,False,,False,,0.0,,0
bridge,test,bridge:10dd77c3c62c4e896d0e,ablate_leakage_risk,False,,False,,0.0,,0
bridge,test,bridge:10dd77c3c62c4e896d0e,ablate_misconception_risk,False,,False,,0.0,,0
bridge,test,bridge:10dd77c3c62c4e896d0e,ablate_state_conflict_risk,False,,False,,0.0,,0
bridge,test,bridge:10dd77c3c62c4e896d0e,ablate_state_commit,False,,False,,0.0,,0
bridge,test,bridge:10dd77c3c62c4e896d0e,ablate_confidence_weighted_commit,False,,False,,0.0,,0
bridge,test,bridge:10dd77c3c62c4e896d0e,replace_pedagogical_risk_with_difficulty,False,,False,,0.0,,0
bridge,test,bridge:10dd77c3c62c4e896d0e,replace_two_phase_commit_with_naive_memory,False,,False,,0.0,,0
misconception,test,misconception:0425c5acd7560aec7907,ours_full,False,,False,,0.0,,0
misconception,test,misconception:0425c5acd7560aec7907,ablate_risk_estimator,False,,False,,0.0,,0
misconception,test,misconception:0425c5acd7560aec7907,ablate_qos_routing,False,,False,,0.0,,0
misconception,test,misconception:0425c5acd7560aec7907,ablate_budget_controller,False,,False,,0.0,,0
misconception,test,misconception:0425c5acd7560aec7907,ablate_leakage_risk,False,,False,,0.0,,0
misconception,test,misconception:0425c5acd7560aec7907,ablate_misconception_risk,False,,False,,0.0,,0
misconception,test,misconception:0425c5acd7560aec7907,ablate_state_conflict_risk,False,,False,,0.0,,0
misconception,test,misconception:0425c5acd7560aec7907,ablate_state_commit,False,,False,,0.0,,0
misconception,test,misconception:0425c5acd7560aec7907,ablate_confidence_weighted_commit,False,,False,,0.0,,0
misconception,test,misconception:0425c5acd7560aec7907,replace_pedagogical_risk_with_difficulty,False,,False,,0.0,,0
misconception,test,misconception:0425c5acd7560aec7907,replace_two_phase_commit_with_naive_memory,False,,False,,0.0,,0
misconception,test,misconception:107e0e82e1b2fb844d3c,ours_full,False,,False,,0.0,,0
misconception,test,misconception:107e0e82e1b2fb844d3c,ablate_risk_estimator,False,,False,,0.0,,0
misconception,test,misconception:107e0e82e1b2fb844d3c,ablate_qos_routing,False,,False,,0.0,,0
misconception,test,misconception:107e0e82e1b2fb844d3c,ablate_budget_controller,False,,False,,0.0,,0
misconception,test,misconception:107e0e82e1b2fb844d3c,ablate_leakage_risk,False,,False,,0.0,,0
misconception,test,misconception:107e0e82e1b2fb844d3c,ablate_misconception_risk,False,,False,,0.0,,0
misconception,test,misconception:107e0e82e1b2fb844d3c,ablate_state_conflict_risk,False,,False,,0.0,,0
misconception,test,misconception:107e0e82e1b2fb844d3c,ablate_state_commit,False,,False,,0.0,,0
misconception,test,misconception:107e0e82e1b2fb844d3c,ablate_confidence_weighted_commit,False,,False,,0.0,,0
misconception,test,misconception:107e0e82e1b2fb844d3c,replace_pedagogical_risk_with_difficulty,False,,False,,0.0,,0
misconception,test,misconception:107e0e82e1b2fb844d3c,replace_two_phase_commit_with_naive_memory,False,,False,,0.0,,0
misconception,test,misconception:1d467759fc46b3d0d145,ours_full,False,,False,,0.0,,0
misconception,test,misconception:1d467759fc46b3d0d145,ablate_risk_estimator,False,,False,,0.0,,0
misconception,test,misconception:1d467759fc46b3d0d145,ablate_qos_routing,False,,False,,0.0,,0
misconception,test,misconception:1d467759fc46b3d0d145,ablate_budget_controller,False,,False,,0.0,,0
misconception,test,misconception:1d467759fc46b3d0d145,ablate_leakage_risk,False,,False,,0.0,,0
misconception,test,misconception:1d467759fc46b3d0d145,ablate_misconception_risk,False,,False,,0.0,,0
misconception,test,misconception:1d467759fc46b3d0d145,ablate_state_conflict_risk,False,,False,,0.0,,0
misconception,test,misconception:1d467759fc46b3d0d145,ablate_state_commit,False,,False,,0.0,,0
misconception,test,misconception:1d467759fc46b3d0d145,ablate_confidence_weighted_commit,False,,False,,0.0,,0
misconception,test,misconception:1d467759fc46b3d0d145,replace_pedagogical_risk_with_difficulty,False,,False,,0.0,,0
misconception,test,misconception:1d467759fc46b3d0d145,replace_two_phase_commit_with_naive_memory,False,,False,,0.0,,0
mathdial,test,mathdial:89ce8668800d91dadd27,ours_full,False,,False,,0.0,,0
mathdial,test,mathdial:89ce8668800d91dadd27,ablate_risk_estimator,False,,False,,0.0,,0
mathdial,test,mathdial:89ce8668800d91dadd27,ablate_qos_routing,False,,False,,0.0,,0
mathdial,test,mathdial:89ce8668800d91dadd27,ablate_budget_controller,False,,False,,0.0,,0
mathdial,test,mathdial:89ce8668800d91dadd27,ablate_leakage_risk,False,,False,,0.0,,0
mathdial,test,mathdial:89ce8668800d91dadd27,ablate_misconception_risk,False,,False,,0.0,,0
mathdial,test,mathdial:89ce8668800d91dadd27,ablate_state_conflict_risk,False,,False,,0.0,,0
mathdial,test,mathdial:89ce8668800d91dadd27,ablate_state_commit,False,,False,,0.0,,0
mathdial,test,mathdial:89ce8668800d91dadd27,ablate_confidence_weighted_commit,False,,False,,0.0,,0
mathdial,test,mathdial:89ce8668800d91dadd27,replace_pedagogical_risk_with_difficulty,False,,False,,0.0,,0
mathdial,test,mathdial:89ce8668800d91dadd27,replace_two_phase_commit_with_naive_memory,False,,False,,0.0,,0
mathdial,test,mathdial:18abe2a298aee7a66fc8,ours_full,False,,False,,0.0,,0
mathdial,test,mathdial:18abe2a298aee7a66fc8,ablate_risk_estimator,False,,False,,0.0,,0
mathdial,test,mathdial:18abe2a298aee7a66fc8,ablate_qos_routing,False,,False,,0.0,,0
mathdial,test,mathdial:18abe2a298aee7a66fc8,ablate_budget_controller,False,,False,,0.0,,0
mathdial,test,mathdial:18abe2a298aee7a66fc8,ablate_leakage_risk,False,,False,,0.0,,0
mathdial,test,mathdial:18abe2a298aee7a66fc8,ablate_misconception_risk,False,,False,,0.0,,0
mathdial,test,mathdial:18abe2a298aee7a66fc8,ablate_state_conflict_risk,False,,False,,0.0,,0
mathdial,test,mathdial:18abe2a298aee7a66fc8,ablate_state_commit,False,,False,,0.0,,0
mathdial,test,mathdial:18abe2a298aee7a66fc8,ablate_confidence_weighted_commit,False,,False,,0.0,,0
mathdial,test,mathdial:18abe2a298aee7a66fc8,replace_pedagogical_risk_with_difficulty,False,,False,,0.0,,0
mathdial,test,mathdial:18abe2a298aee7a66fc8,replace_two_phase_commit_with_naive_memory,False,,False,,0.0,,0
mathdial,test,mathdial:3dbd12fc80c10299a863,ours_full,False,,False,,0.0,,0
mathdial,test,mathdial:3dbd12fc80c10299a863,ablate_risk_estimator,False,,False,,0.0,,0
mathdial,test,mathdial:3dbd12fc80c10299a863,ablate_qos_routing,False,,False,,0.0,,0
mathdial,test,mathdial:3dbd12fc80c10299a863,ablate_budget_controller,False,,False,,0.0,,0
mathdial,test,mathdial:3dbd12fc80c10299a863,ablate_leakage_risk,False,,False,,0.0,,0
mathdial,test,mathdial:3dbd12fc80c10299a863,ablate_misconception_risk,False,,False,,0.0,,0
mathdial,test,mathdial:3dbd12fc80c10299a863,ablate_state_conflict_risk,False,,False,,0.0,,0
mathdial,test,mathdial:3dbd12fc80c10299a863,ablate_state_commit,False,,False,,0.0,,0
mathdial,test,mathdial:3dbd12fc80c10299a863,ablate_confidence_weighted_commit,False,,False,,0.0,,0
mathdial,test,mathdial:3dbd12fc80c10299a863,replace_pedagogical_risk_with_difficulty,False,,False,,0.0,,0
mathdial,test,mathdial:3dbd12fc80c10299a863,replace_two_phase_commit_with_naive_memory,False,,False,,0.0,,0
bridge,test,bridge:032d09cbb176eb39291e,ours_full,False,,False,,0.0,,0
bridge,test,bridge:032d09cbb176eb39291e,ablate_risk_estimator,False,,False,,0.0,,0
bridge,test,bridge:032d09cbb176eb39291e,ablate_qos_routing,False,,False,,0.0,,0
bridge,test,bridge:032d09cbb176eb39291e,ablate_budget_controller,False,,False,,0.0,,0
bridge,test,bridge:032d09cbb176eb39291e,ablate_leakage_risk,False,,False,,0.0,,0
bridge,test,bridge:032d09cbb176eb39291e,ablate_misconception_risk,False,,False,,0.0,,0
bridge,test,bridge:032d09cbb176eb39291e,ablate_state_conflict_risk,False,,False,,0.0,,0
bridge,test,bridge:032d09cbb176eb39291e,ablate_state_commit,False,,False,,0.0,,0
bridge,test,bridge:032d09cbb176eb39291e,ablate_confidence_weighted_commit,False,,False,,0.0,,0
bridge,test,bridge:032d09cbb176eb39291e,replace_pedagogical_risk_with_difficulty,False,,False,,0.0,,0
bridge,test,bridge:032d09cbb176eb39291e,replace_two_phase_commit_with_naive_memory,False,,False,,0.0,,0
bridge,test,bridge:0afc0f871f2451f46241,ours_full,False,,False,,0.0,,0
bridge,test,bridge:0afc0f871f2451f46241,ablate_risk_estimator,False,,False,,0.0,,0
bridge,test,bridge:0afc0f871f2451f46241,ablate_qos_routing,False,,False,,0.0,,0
bridge,test,bridge:0afc0f871f2451f46241,ablate_budget_controller,False,,False,,0.0,,0
bridge,test,bridge:0afc0f871f2451f46241,ablate_leakage_risk,False,,False,,0.0,,0
bridge,test,bridge:0afc0f871f2451f46241,ablate_misconception_risk,False,,False,,0.0,,0
bridge,test,bridge:0afc0f871f2451f46241,ablate_state_conflict_risk,False,,False,,0.0,,0
bridge,test,bridge:0afc0f871f2451f46241,ablate_state_commit,False,,False,,0.0,,0
bridge,test,bridge:0afc0f871f2451f46241,ablate_confidence_weighted_commit,False,,False,,0.0,,0
bridge,test,bridge:0afc0f871f2451f46241,replace_pedagogical_risk_with_difficulty,False,,False,,0.0,,0
bridge,test,bridge:0afc0f871f2451f46241,replace_two_phase_commit_with_naive_memory,False,,False,,0.0,,0
bridge,test,bridge:114c1476131bcd6dc95a,ours_full,False,,False,,0.0,,0
bridge,test,bridge:114c1476131bcd6dc95a,ablate_risk_estimator,False,,False,,0.0,,0
bridge,test,bridge:114c1476131bcd6dc95a,ablate_qos_routing,False,,False,,0.0,,0
bridge,test,bridge:114c1476131bcd6dc95a,ablate_budget_controller,False,,False,,0.0,,0
bridge,test,bridge:114c1476131bcd6dc95a,ablate_leakage_risk,False,,False,,0.0,,0
bridge,test,bridge:114c1476131bcd6dc95a,ablate_misconception_risk,False,,False,,0.0,,0
bridge,test,bridge:114c1476131bcd6dc95a,ablate_state_conflict_risk,False,,False,,0.0,,0
bridge,test,bridge:114c1476131bcd6dc95a,ablate_state_commit,False,,False,,0.0,,0
bridge,test,bridge:114c1476131bcd6dc95a,ablate_confidence_weighted_commit,False,,False,,0.0,,0
bridge,test,bridge:114c1476131bcd6dc95a,replace_pedagogical_risk_with_difficulty,False,,False,,0.0,,0
bridge,test,bridge:114c1476131bcd6dc95a,replace_two_phase_commit_with_naive_memory,False,,False,,0.0,,0
misconception,test,misconception:045b86fb0fb69d042266,ours_full,False,,False,,0.0,,0
misconception,test,misconception:045b86fb0fb69d042266,ablate_risk_estimator,False,,False,,0.0,,0
misconception,test,misconception:045b86fb0fb69d042266,ablate_qos_routing,False,,False,,0.0,,0
misconception,test,misconception:045b86fb0fb69d042266,ablate_budget_controller,False,,False,,0.0,,0
misconception,test,misconception:045b86fb0fb69d042266,ablate_leakage_risk,False,,False,,0.0,,0
misconception,test,misconception:045b86fb0fb69d042266,ablate_misconception_risk,False,,False,,0.0,,0
misconception,test,misconception:045b86fb0fb69d042266,ablate_state_conflict_risk,False,,False,,0.0,,0
misconception,test,misconception:045b86fb0fb69d042266,ablate_state_commit,False,,False,,0.0,,0
misconception,test,misconception:045b86fb0fb69d042266,ablate_confidence_weighted_commit,False,,False,,0.0,,0
misconception,test,misconception:045b86fb0fb69d042266,replace_pedagogical_risk_with_difficulty,False,,False,,0.0,,0
misconception,test,misconception:045b86fb0fb69d042266,replace_two_phase_commit_with_naive_memory,False,,False,,0.0,,0
misconception,test,misconception:1189fde22ee18c3c7d51,ours_full,False,,False,,0.0,,0
misconception,test,misconception:1189fde22ee18c3c7d51,ablate_risk_estimator,False,,False,,0.0,,0
misconception,test,misconception:1189fde22ee18c3c7d51,ablate_qos_routing,False,,False,,0.0,,0
misconception,test,misconception:1189fde22ee18c3c7d51,ablate_budget_controller,False,,False,,0.0,,0
misconception,test,misconception:1189fde22ee18c3c7d51,ablate_leakage_risk,False,,False,,0.0,,0
misconception,test,misconception:1189fde22ee18c3c7d51,ablate_misconception_risk,False,,False,,0.0,,0
misconception,test,misconception:1189fde22ee18c3c7d51,ablate_state_conflict_risk,False,,False,,0.0,,0
misconception,test,misconception:1189fde22ee18c3c7d51,ablate_state_commit,False,,False,,0.0,,0
misconception,test,misconception:1189fde22ee18c3c7d51,ablate_confidence_weighted_commit,False,,False,,0.0,,0
misconception,test,misconception:1189fde22ee18c3c7d51,replace_pedagogical_risk_with_difficulty,False,,False,,0.0,,0
misconception,test,misconception:1189fde22ee18c3c7d51,replace_two_phase_commit_with_naive_memory,False,,False,,0.0,,0
misconception,test,misconception:1d47ddc28e2da95cea97,ours_full,False,,False,,0.0,,0
misconception,test,misconception:1d47ddc28e2da95cea97,ablate_risk_estimator,False,,False,,0.0,,0
misconception,test,misconception:1d47ddc28e2da95cea97,ablate_qos_routing,False,,False,,0.0,,0
misconception,test,misconception:1d47ddc28e2da95cea97,ablate_budget_controller,False,,False,,0.0,,0
misconception,test,misconception:1d47ddc28e2da95cea97,ablate_leakage_risk,False,,False,,0.0,,0
misconception,test,misconception:1d47ddc28e2da95cea97,ablate_misconception_risk,False,,False,,0.0,,0
misconception,test,misconception:1d47ddc28e2da95cea97,ablate_state_conflict_risk,False,,False,,0.0,,0
misconception,test,misconception:1d47ddc28e2da95cea97,ablate_state_commit,False,,False,,0.0,,0
misconception,test,misconception:1d47ddc28e2da95cea97,ablate_confidence_weighted_commit,False,,False,,0.0,,0
misconception,test,misconception:1d47ddc28e2da95cea97,replace_pedagogical_risk_with_difficulty,False,,False,,0.0,,0
misconception,test,misconception:1d47ddc28e2da95cea97,replace_two_phase_commit_with_naive_memory,False,,False,,0.0,,0
mathdial,test,mathdial:4cf337dc911bb19f4427,ours_full,False,,False,,0.0,,0
mathdial,test,mathdial:4cf337dc911bb19f4427,ablate_risk_estimator,False,,False,,0.0,,0
mathdial,test,mathdial:4cf337dc911bb19f4427,ablate_qos_routing,False,,False,,0.0,,0
mathdial,test,mathdial:4cf337dc911bb19f4427,ablate_budget_controller,False,,False,,0.0,,0
mathdial,test,mathdial:4cf337dc911bb19f4427,ablate_leakage_risk,False,,False,,0.0,,0
mathdial,test,mathdial:4cf337dc911bb19f4427,ablate_misconception_risk,False,,False,,0.0,,0
mathdial,test,mathdial:4cf337dc911bb19f4427,ablate_state_conflict_risk,False,,False,,0.0,,0
mathdial,test,mathdial:4cf337dc911bb19f4427,ablate_state_commit,False,,False,,0.0,,0
mathdial,test,mathdial:4cf337dc911bb19f4427,ablate_confidence_weighted_commit,False,,False,,0.0,,0
mathdial,test,mathdial:4cf337dc911bb19f4427,replace_pedagogical_risk_with_difficulty,False,,False,,0.0,,0
mathdial,test,mathdial:4cf337dc911bb19f4427,replace_two_phase_commit_with_naive_memory,False,,False,,0.0,,0
mathdial,test,mathdial:50e46ceeae583a68adf5,ours_full,False,,False,,0.0,,0
mathdial,test,mathdial:50e46ceeae583a68adf5,ablate_risk_estimator,False,,False,,0.0,,0
mathdial,test,mathdial:50e46ceeae583a68adf5,ablate_qos_routing,False,,False,,0.0,,0
mathdial,test,mathdial:50e46ceeae583a68adf5,ablate_budget_controller,False,,False,,0.0,,0
mathdial,test,mathdial:50e46ceeae583a68adf5,ablate_leakage_risk,False,,False,,0.0,,0
mathdial,test,mathdial:50e46ceeae583a68adf5,ablate_misconception_risk,False,,False,,0.0,,0
mathdial,test,mathdial:50e46ceeae583a68adf5,ablate_state_conflict_risk,False,,False,,0.0,,0
mathdial,test,mathdial:50e46ceeae583a68adf5,ablate_state_commit,False,,False,,0.0,,0
mathdial,test,mathdial:50e46ceeae583a68adf5,ablate_confidence_weighted_commit,False,,False,,0.0,,0
mathdial,test,mathdial:50e46ceeae583a68adf5,replace_pedagogical_risk_with_difficulty,False,,False,,0.0,,0
mathdial,test,mathdial:50e46ceeae583a68adf5,replace_two_phase_commit_with_naive_memory,False,,False,,0.0,,0
mathdial,test,mathdial:24255b66be06a8032c6c,ours_full,False,,False,,0.0,,0
mathdial,test,mathdial:24255b66be06a8032c6c,ablate_risk_estimator,False,,False,,0.0,,0
mathdial,test,mathdial:24255b66be06a8032c6c,ablate_qos_routing,False,,False,,0.0,,0
mathdial,test,mathdial:24255b66be06a8032c6c,ablate_budget_controller,False,,False,,0.0,,0
mathdial,test,mathdial:24255b66be06a8032c6c,ablate_leakage_risk,False,,False,,0.0,,0
mathdial,test,mathdial:24255b66be06a8032c6c,ablate_misconception_risk,False,,False,,0.0,,0
mathdial,test,mathdial:24255b66be06a8032c6c,ablate_state_conflict_risk,False,,False,,0.0,,0
mathdial,test,mathdial:24255b66be06a8032c6c,ablate_state_commit,False,,False,,0.0,,0
mathdial,test,mathdial:24255b66be06a8032c6c,ablate_confidence_weighted_commit,False,,False,,0.0,,0
mathdial,test,mathdial:24255b66be06a8032c6c,replace_pedagogical_risk_with_difficulty,False,,False,,0.0,,0
mathdial,test,mathdial:24255b66be06a8032c6c,replace_two_phase_commit_with_naive_memory,False,,False,,0.0,,0
bridge,test,bridge:03648180e3e4451317fe,ours_full,False,,False,,0.0,,0
bridge,test,bridge:03648180e3e4451317fe,ablate_risk_estimator,False,,False,,0.0,,0
bridge,test,bridge:03648180e3e4451317fe,ablate_qos_routing,False,,False,,0.0,,0
bridge,test,bridge:03648180e3e4451317fe,ablate_budget_controller,False,,False,,0.0,,0
bridge,test,bridge:03648180e3e4451317fe,ablate_leakage_risk,False,,False,,0.0,,0
bridge,test,bridge:03648180e3e4451317fe,ablate_misconception_risk,False,,False,,0.0,,0
bridge,test,bridge:03648180e3e4451317fe,ablate_state_conflict_risk,False,,False,,0.0,,0
bridge,test,bridge:03648180e3e4451317fe,ablate_state_commit,False,,False,,0.0,,0
bridge,test,bridge:03648180e3e4451317fe,ablate_confidence_weighted_commit,False,,False,,0.0,,0
bridge,test,bridge:03648180e3e4451317fe,replace_pedagogical_risk_with_difficulty,False,,False,,0.0,,0
bridge,test,bridge:03648180e3e4451317fe,replace_two_phase_commit_with_naive_memory,False,,False,,0.0,,0
bridge,test,bridge:0affbe5ab9a84047614a,ours_full,False,,False,,0.0,,0
bridge,test,bridge:0affbe5ab9a84047614a,ablate_risk_estimator,False,,False,,0.0,,0
bridge,test,bridge:0affbe5ab9a84047614a,ablate_qos_routing,False,,False,,0.0,,0
bridge,test,bridge:0affbe5ab9a84047614a,ablate_budget_controller,False,,False,,0.0,,0
bridge,test,bridge:0affbe5ab9a84047614a,ablate_leakage_risk,False,,False,,0.0,,0
bridge,test,bridge:0affbe5ab9a84047614a,ablate_misconception_risk,False,,False,,0.0,,0
bridge,test,bridge:0affbe5ab9a84047614a,ablate_state_conflict_risk,False,,False,,0.0,,0
bridge,test,bridge:0affbe5ab9a84047614a,ablate_state_commit,False,,False,,0.0,,0
bridge,test,bridge:0affbe5ab9a84047614a,ablate_confidence_weighted_commit,False,,False,,0.0,,0
bridge,test,bridge:0affbe5ab9a84047614a,replace_pedagogical_risk_with_difficulty,False,,False,,0.0,,0
bridge,test,bridge:0affbe5ab9a84047614a,replace_two_phase_commit_with_naive_memory,False,,False,,0.0,,0
bridge,test,bridge:119579cbb3ca652d70d7,ours_full,False,,False,,0.0,,0
bridge,test,bridge:119579cbb3ca652d70d7,ablate_risk_estimator,False,,False,,0.0,,0
bridge,test,bridge:119579cbb3ca652d70d7,ablate_qos_routing,False,,False,,0.0,,0
bridge,test,bridge:119579cbb3ca652d70d7,ablate_budget_controller,False,,False,,0.0,,0
bridge,test,bridge:119579cbb3ca652d70d7,ablate_leakage_risk,False,,False,,0.0,,0
bridge,test,bridge:119579cbb3ca652d70d7,ablate_misconception_risk,False,,False,,0.0,,0
bridge,test,bridge:119579cbb3ca652d70d7,ablate_state_conflict_risk,False,,False,,0.0,,0
bridge,test,bridge:119579cbb3ca652d70d7,ablate_state_commit,False,,False,,0.0,,0
bridge,test,bridge:119579cbb3ca652d70d7,ablate_confidence_weighted_commit,False,,False,,0.0,,0
bridge,test,bridge:119579cbb3ca652d70d7,replace_pedagogical_risk_with_difficulty,False,,False,,0.0,,0
bridge,test,bridge:119579cbb3ca652d70d7,replace_two_phase_commit_with_naive_memory,False,,False,,0.0,,0
misconception,test,misconception:071e4a5b8090f56593c2,ours_full,False,,False,,0.0,,0
misconception,test,misconception:071e4a5b8090f56593c2,ablate_risk_estimator,False,,False,,0.0,,0
misconception,test,misconception:071e4a5b8090f56593c2,ablate_qos_routing,False,,False,,0.0,,0
misconception,test,misconception:071e4a5b8090f56593c2,ablate_budget_controller,False,,False,,0.0,,0
misconception,test,misconception:071e4a5b8090f56593c2,ablate_leakage_risk,False,,False,,0.0,,0
misconception,test,misconception:071e4a5b8090f56593c2,ablate_misconception_risk,False,,False,,0.0,,0
misconception,test,misconception:071e4a5b8090f56593c2,ablate_state_conflict_risk,False,,False,,0.0,,0
misconception,test,misconception:071e4a5b8090f56593c2,ablate_state_commit,False,,False,,0.0,,0
misconception,test,misconception:071e4a5b8090f56593c2,ablate_confidence_weighted_commit,False,,False,,0.0,,0
misconception,test,misconception:071e4a5b8090f56593c2,replace_pedagogical_risk_with_difficulty,False,,False,,0.0,,0
misconception,test,misconception:071e4a5b8090f56593c2,replace_two_phase_commit_with_naive_memory,False,,False,,0.0,,0
misconception,test,misconception:1473e428f56e292e2d60,ours_full,False,,False,,0.0,,0
misconception,test,misconception:1473e428f56e292e2d60,ablate_risk_estimator,False,,False,,0.0,,0
misconception,test,misconception:1473e428f56e292e2d60,ablate_qos_routing,False,,False,,0.0,,0
misconception,test,misconception:1473e428f56e292e2d60,ablate_budget_controller,False,,False,,0.0,,0
misconception,test,misconception:1473e428f56e292e2d60,ablate_leakage_risk,False,,False,,0.0,,0
misconception,test,misconception:1473e428f56e292e2d60,ablate_misconception_risk,False,,False,,0.0,,0
misconception,test,misconception:1473e428f56e292e2d60,ablate_state_conflict_risk,False,,False,,0.0,,0
misconception,test,misconception:1473e428f56e292e2d60,ablate_state_commit,False,,False,,0.0,,0
misconception,test,misconception:1473e428f56e292e2d60,ablate_confidence_weighted_commit,False,,False,,0.0,,0
misconception,test,misconception:1473e428f56e292e2d60,replace_pedagogical_risk_with_difficulty,False,,False,,0.0,,0
misconception,test,misconception:1473e428f56e292e2d60,replace_two_phase_commit_with_naive_memory,False,,False,,0.0,,0
misconception,test,misconception:1d54036985529ea5d4fb,ours_full,False,,False,,0.0,,0
misconception,test,misconception:1d54036985529ea5d4fb,ablate_risk_estimator,False,,False,,0.0,,0
misconception,test,misconception:1d54036985529ea5d4fb,ablate_qos_routing,False,,False,,0.0,,0
misconception,test,misconception:1d54036985529ea5d4fb,ablate_budget_controller,False,,False,,0.0,,0
misconception,test,misconception:1d54036985529ea5d4fb,ablate_leakage_risk,False,,False,,0.0,,0
misconception,test,misconception:1d54036985529ea5d4fb,ablate_misconception_risk,False,,False,,0.0,,0
misconception,test,misconception:1d54036985529ea5d4fb,ablate_state_conflict_risk,False,,False,,0.0,,0
misconception,test,misconception:1d54036985529ea5d4fb,ablate_state_commit,False,,False,,0.0,,0
misconception,test,misconception:1d54036985529ea5d4fb,ablate_confidence_weighted_commit,False,,False,,0.0,,0
misconception,test,misconception:1d54036985529ea5d4fb,replace_pedagogical_risk_with_difficulty,False,,False,,0.0,,0
misconception,test,misconception:1d54036985529ea5d4fb,replace_two_phase_commit_with_naive_memory,False,,False,,0.0,,0
mathdial,test,mathdial:1bc1f5fcdcc732b9fcee,ours_full,False,,False,,0.0,,0
mathdial,test,mathdial:1bc1f5fcdcc732b9fcee,ablate_risk_estimator,False,,False,,0.0,,0
mathdial,test,mathdial:1bc1f5fcdcc732b9fcee,ablate_qos_routing,False,,False,,0.0,,0
mathdial,test,mathdial:1bc1f5fcdcc732b9fcee,ablate_budget_controller,False,,False,,0.0,,0
mathdial,test,mathdial:1bc1f5fcdcc732b9fcee,ablate_leakage_risk,False,,False,,0.0,,0
mathdial,test,mathdial:1bc1f5fcdcc732b9fcee,ablate_misconception_risk,False,,False,,0.0,,0
mathdial,test,mathdial:1bc1f5fcdcc732b9fcee,ablate_state_conflict_risk,False,,False,,0.0,,0
mathdial,test,mathdial:1bc1f5fcdcc732b9fcee,ablate_state_commit,False,,False,,0.0,,0
mathdial,test,mathdial:1bc1f5fcdcc732b9fcee,ablate_confidence_weighted_commit,False,,False,,0.0,,0
mathdial,test,mathdial:1bc1f5fcdcc732b9fcee,replace_pedagogical_risk_with_difficulty,False,,False,,0.0,,0
mathdial,test,mathdial:1bc1f5fcdcc732b9fcee,replace_two_phase_commit_with_naive_memory,False,,False,,0.0,,0
mathdial,test,mathdial:c2e071379af6141f568b,ours_full,False,,False,,0.0,,0
mathdial,test,mathdial:c2e071379af6141f568b,ablate_risk_estimator,False,,False,,0.0,,0
mathdial,test,mathdial:c2e071379af6141f568b,ablate_qos_routing,False,,False,,0.0,,0
mathdial,test,mathdial:c2e071379af6141f568b,ablate_budget_controller,False,,False,,0.0,,0
mathdial,test,mathdial:c2e071379af6141f568b,ablate_leakage_risk,False,,False,,0.0,,0
mathdial,test,mathdial:c2e071379af6141f568b,ablate_misconception_risk,False,,False,,0.0,,0
mathdial,test,mathdial:c2e071379af6141f568b,ablate_state_conflict_risk,False,,False,,0.0,,0
mathdial,test,mathdial:c2e071379af6141f568b,ablate_state_commit,False,,False,,0.0,,0
mathdial,test,mathdial:c2e071379af6141f568b,ablate_confidence_weighted_commit,False,,False,,0.0,,0
mathdial,test,mathdial:c2e071379af6141f568b,replace_pedagogical_risk_with_difficulty,False,,False,,0.0,,0
mathdial,test,mathdial:c2e071379af6141f568b,replace_two_phase_commit_with_naive_memory,False,,False,,0.0,,0
mathdial,test,mathdial:6385d2045e2fad345d3b,ours_full,False,,False,,0.0,,0
mathdial,test,mathdial:6385d2045e2fad345d3b,ablate_risk_estimator,False,,False,,0.0,,0
mathdial,test,mathdial:6385d2045e2fad345d3b,ablate_qos_routing,False,,False,,0.0,,0
mathdial,test,mathdial:6385d2045e2fad345d3b,ablate_budget_controller,False,,False,,0.0,,0
mathdial,test,mathdial:6385d2045e2fad345d3b,ablate_leakage_risk,False,,False,,0.0,,0
mathdial,test,mathdial:6385d2045e2fad345d3b,ablate_misconception_risk,False,,False,,0.0,,0
mathdial,test,mathdial:6385d2045e2fad345d3b,ablate_state_conflict_risk,False,,False,,0.0,,0
mathdial,test,mathdial:6385d2045e2fad345d3b,ablate_state_commit,False,,False,,0.0,,0
mathdial,test,mathdial:6385d2045e2fad345d3b,ablate_confidence_weighted_commit,False,,False,,0.0,,0
mathdial,test,mathdial:6385d2045e2fad345d3b,replace_pedagogical_risk_with_difficulty,False,,False,,0.0,,0
mathdial,test,mathdial:6385d2045e2fad345d3b,replace_two_phase_commit_with_naive_memory,False,,False,,0.0,,0
bridge,test,bridge:04dde2cd2567c65d304f,ours_full,False,,False,,0.0,,0
bridge,test,bridge:04dde2cd2567c65d304f,ablate_risk_estimator,False,,False,,0.0,,0
bridge,test,bridge:04dde2cd2567c65d304f,ablate_qos_routing,False,,False,,0.0,,0
bridge,test,bridge:04dde2cd2567c65d304f,ablate_budget_controller,False,,False,,0.0,,0
bridge,test,bridge:04dde2cd2567c65d304f,ablate_leakage_risk,False,,False,,0.0,,0
bridge,test,bridge:04dde2cd2567c65d304f,ablate_misconception_risk,False,,False,,0.0,,0
bridge,test,bridge:04dde2cd2567c65d304f,ablate_state_conflict_risk,False,,False,,0.0,,0
bridge,test,bridge:04dde2cd2567c65d304f,ablate_state_commit,False,,False,,0.0,,0
bridge,test,bridge:04dde2cd2567c65d304f,ablate_confidence_weighted_commit,False,,False,,0.0,,0
bridge,test,bridge:04dde2cd2567c65d304f,replace_pedagogical_risk_with_difficulty,False,,False,,0.0,,0
bridge,test,bridge:04dde2cd2567c65d304f,replace_two_phase_commit_with_naive_memory,False,,False,,0.0,,0
bridge,test,bridge:0bd481107a9e8b11fd9b,ours_full,False,,False,,0.0,,0
bridge,test,bridge:0bd481107a9e8b11fd9b,ablate_risk_estimator,False,,False,,0.0,,0
bridge,test,bridge:0bd481107a9e8b11fd9b,ablate_qos_routing,False,,False,,0.0,,0
bridge,test,bridge:0bd481107a9e8b11fd9b,ablate_budget_controller,False,,False,,0.0,,0
bridge,test,bridge:0bd481107a9e8b11fd9b,ablate_leakage_risk,False,,False,,0.0,,0
bridge,test,bridge:0bd481107a9e8b11fd9b,ablate_misconception_risk,False,,False,,0.0,,0
bridge,test,bridge:0bd481107a9e8b11fd9b,ablate_state_conflict_risk,False,,False,,0.0,,0
bridge,test,bridge:0bd481107a9e8b11fd9b,ablate_state_commit,False,,False,,0.0,,0
bridge,test,bridge:0bd481107a9e8b11fd9b,ablate_confidence_weighted_commit,False,,False,,0.0,,0
bridge,test,bridge:0bd481107a9e8b11fd9b,replace_pedagogical_risk_with_difficulty,False,,False,,0.0,,0
bridge,test,bridge:0bd481107a9e8b11fd9b,replace_two_phase_commit_with_naive_memory,False,,False,,0.0,,0
bridge,test,bridge:12304961ebfe67509892,ours_full,False,,False,,0.0,,0
bridge,test,bridge:12304961ebfe67509892,ablate_risk_estimator,False,,False,,0.0,,0
bridge,test,bridge:12304961ebfe67509892,ablate_qos_routing,False,,False,,0.0,,0
bridge,test,bridge:12304961ebfe67509892,ablate_budget_controller,False,,False,,0.0,,0
bridge,test,bridge:12304961ebfe67509892,ablate_leakage_risk,False,,False,,0.0,,0
bridge,test,bridge:12304961ebfe67509892,ablate_misconception_risk,False,,False,,0.0,,0
bridge,test,bridge:12304961ebfe67509892,ablate_state_conflict_risk,False,,False,,0.0,,0
bridge,test,bridge:12304961ebfe67509892,ablate_state_commit,False,,False,,0.0,,0
bridge,test,bridge:12304961ebfe67509892,ablate_confidence_weighted_commit,False,,False,,0.0,,0
bridge,test,bridge:12304961ebfe67509892,replace_pedagogical_risk_with_difficulty,False,,False,,0.0,,0
bridge,test,bridge:12304961ebfe67509892,replace_two_phase_commit_with_naive_memory,True,,True,,0.0,direct_answer_phrase,1
misconception,test,misconception:0834f971bdb530b342e3,ours_full,False,,False,,0.0,,0
misconception,test,misconception:0834f971bdb530b342e3,ablate_risk_estimator,False,,False,,0.0,,0
misconception,test,misconception:0834f971bdb530b342e3,ablate_qos_routing,False,,False,,0.0,,0
misconception,test,misconception:0834f971bdb530b342e3,ablate_budget_controller,False,,False,,0.0,,0
misconception,test,misconception:0834f971bdb530b342e3,ablate_leakage_risk,False,,False,,0.0,,0
misconception,test,misconception:0834f971bdb530b342e3,ablate_misconception_risk,False,,False,,0.0,,0
misconception,test,misconception:0834f971bdb530b342e3,ablate_state_conflict_risk,False,,False,,0.0,,0
misconception,test,misconception:0834f971bdb530b342e3,ablate_state_commit,False,,False,,0.0,,0
misconception,test,misconception:0834f971bdb530b342e3,ablate_confidence_weighted_commit,False,,False,,0.0,,0
misconception,test,misconception:0834f971bdb530b342e3,replace_pedagogical_risk_with_difficulty,False,,False,,0.0,,0
misconception,test,misconception:0834f971bdb530b342e3,replace_two_phase_commit_with_naive_memory,False,,False,,0.0,,0
misconception,test,misconception:157357bbb98b540d4323,ours_full,False,,False,,0.0,,0
misconception,test,misconception:157357bbb98b540d4323,ablate_risk_estimator,False,,False,,0.0,,0
misconception,test,misconception:157357bbb98b540d4323,ablate_qos_routing,False,,False,,0.0,,0
misconception,test,misconception:157357bbb98b540d4323,ablate_budget_controller,False,,False,,0.0,,0
misconception,test,misconception:157357bbb98b540d4323,ablate_leakage_risk,False,,False,,0.0,,0
misconception,test,misconception:157357bbb98b540d4323,ablate_misconception_risk,False,,False,,0.0,,0
misconception,test,misconception:157357bbb98b540d4323,ablate_state_conflict_risk,False,,False,,0.0,,0
misconception,test,misconception:157357bbb98b540d4323,ablate_state_commit,False,,False,,0.0,,0
misconception,test,misconception:157357bbb98b540d4323,ablate_confidence_weighted_commit,False,,False,,0.0,,0
misconception,test,misconception:157357bbb98b540d4323,replace_pedagogical_risk_with_difficulty,False,,False,,0.0,,0
misconception,test,misconception:157357bbb98b540d4323,replace_two_phase_commit_with_naive_memory,False,,False,,0.0,,0
misconception,test,misconception:1d7f847e3f765820fcd8,ours_full,False,,False,,0.0,,0
misconception,test,misconception:1d7f847e3f765820fcd8,ablate_risk_estimator,False,,False,,0.0,,0
misconception,test,misconception:1d7f847e3f765820fcd8,ablate_qos_routing,False,,False,,0.0,,0
misconception,test,misconception:1d7f847e3f765820fcd8,ablate_budget_controller,False,,False,,0.0,,0
misconception,test,misconception:1d7f847e3f765820fcd8,ablate_leakage_risk,False,,False,,0.0,,0
misconception,test,misconception:1d7f847e3f765820fcd8,ablate_misconception_risk,False,,False,,0.0,,0
misconception,test,misconception:1d7f847e3f765820fcd8,ablate_state_conflict_risk,False,,False,,0.0,,0
misconception,test,misconception:1d7f847e3f765820fcd8,ablate_state_commit,False,,False,,0.0,,0
misconception,test,misconception:1d7f847e3f765820fcd8,ablate_confidence_weighted_commit,False,,False,,0.0,,0
misconception,test,misconception:1d7f847e3f765820fcd8,replace_pedagogical_risk_with_difficulty,False,,False,,0.0,,0
misconception,test,misconception:1d7f847e3f765820fcd8,replace_two_phase_commit_with_naive_memory,False,,False,,0.0,,0
mathdial,test,mathdial:1d3d6bc3432dc0be18e8,ours_full,False,,False,,0.0,,0
mathdial,test,mathdial:1d3d6bc3432dc0be18e8,ablate_risk_estimator,False,,False,,0.0,,0
mathdial,test,mathdial:1d3d6bc3432dc0be18e8,ablate_qos_routing,False,,False,,0.0,,0
mathdial,test,mathdial:1d3d6bc3432dc0be18e8,ablate_budget_controller,False,,False,,0.0,,0
mathdial,test,mathdial:1d3d6bc3432dc0be18e8,ablate_leakage_risk,False,,False,,0.0,,0
mathdial,test,mathdial:1d3d6bc3432dc0be18e8,ablate_misconception_risk,False,,False,,0.0,,0
mathdial,test,mathdial:1d3d6bc3432dc0be18e8,ablate_state_conflict_risk,False,,False,,0.0,,0
mathdial,test,mathdial:1d3d6bc3432dc0be18e8,ablate_state_commit,False,,False,,0.0,,0
mathdial,test,mathdial:1d3d6bc3432dc0be18e8,ablate_confidence_weighted_commit,False,,False,,0.0,,0
mathdial,test,mathdial:1d3d6bc3432dc0be18e8,replace_pedagogical_risk_with_difficulty,False,,False,,0.0,,0
mathdial,test,mathdial:1d3d6bc3432dc0be18e8,replace_two_phase_commit_with_naive_memory,False,,False,,0.0,,0
mathdial,test,mathdial:2401e6a0d5b2f508560b,ours_full,False,,False,,0.0,,0
mathdial,test,mathdial:2401e6a0d5b2f508560b,ablate_risk_estimator,False,,False,,0.0,,0
mathdial,test,mathdial:2401e6a0d5b2f508560b,ablate_qos_routing,False,,False,,0.0,,0
mathdial,test,mathdial:2401e6a0d5b2f508560b,ablate_budget_controller,False,,False,,0.0,,0
mathdial,test,mathdial:2401e6a0d5b2f508560b,ablate_leakage_risk,False,,False,,0.0,,0
mathdial,test,mathdial:2401e6a0d5b2f508560b,ablate_misconception_risk,False,,False,,0.0,,0
mathdial,test,mathdial:2401e6a0d5b2f508560b,ablate_state_conflict_risk,False,,False,,0.0,,0
mathdial,test,mathdial:2401e6a0d5b2f508560b,ablate_state_commit,False,,False,,0.0,,0
mathdial,test,mathdial:2401e6a0d5b2f508560b,ablate_confidence_weighted_commit,False,,False,,0.0,,0
mathdial,test,mathdial:2401e6a0d5b2f508560b,replace_pedagogical_risk_with_difficulty,False,,False,,0.0,,0
mathdial,test,mathdial:2401e6a0d5b2f508560b,replace_two_phase_commit_with_naive_memory,False,,False,,0.0,,0
mathdial,test,mathdial:5f4f8eeccc83bc702de8,ours_full,False,,False,,0.0,,0
mathdial,test,mathdial:5f4f8eeccc83bc702de8,ablate_risk_estimator,False,,False,,0.0,,0
mathdial,test,mathdial:5f4f8eeccc83bc702de8,ablate_qos_routing,False,,False,,0.0,,0
mathdial,test,mathdial:5f4f8eeccc83bc702de8,ablate_budget_controller,False,,False,,0.0,,0
mathdial,test,mathdial:5f4f8eeccc83bc702de8,ablate_leakage_risk,False,,False,,0.0,,0
mathdial,test,mathdial:5f4f8eeccc83bc702de8,ablate_misconception_risk,False,,False,,0.0,,0
mathdial,test,mathdial:5f4f8eeccc83bc702de8,ablate_state_conflict_risk,False,,False,,0.0,,0
mathdial,test,mathdial:5f4f8eeccc83bc702de8,ablate_state_commit,False,,False,,0.0,,0
mathdial,test,mathdial:5f4f8eeccc83bc702de8,ablate_confidence_weighted_commit,False,,False,,0.0,,0
mathdial,test,mathdial:5f4f8eeccc83bc702de8,replace_pedagogical_risk_with_difficulty,False,,False,,0.0,,0
mathdial,test,mathdial:5f4f8eeccc83bc702de8,replace_two_phase_commit_with_naive_memory,False,,False,,0.0,,0
bridge,test,bridge:05323a9ce664b1c3bffe,ours_full,False,,False,,0.0,,0
bridge,test,bridge:05323a9ce664b1c3bffe,ablate_risk_estimator,False,,False,,0.0,,0
bridge,test,bridge:05323a9ce664b1c3bffe,ablate_qos_routing,False,,False,,0.0,,0
bridge,test,bridge:05323a9ce664b1c3bffe,ablate_budget_controller,False,,False,,0.0,,0
bridge,test,bridge:05323a9ce664b1c3bffe,ablate_leakage_risk,False,,False,,0.0,,0
bridge,test,bridge:05323a9ce664b1c3bffe,ablate_misconception_risk,False,,False,,0.0,,0
bridge,test,bridge:05323a9ce664b1c3bffe,ablate_state_conflict_risk,False,,False,,0.0,,0
bridge,test,bridge:05323a9ce664b1c3bffe,ablate_state_commit,False,,False,,0.0,,0
bridge,test,bridge:05323a9ce664b1c3bffe,ablate_confidence_weighted_commit,False,,False,,0.0,,0
bridge,test,bridge:05323a9ce664b1c3bffe,replace_pedagogical_risk_with_difficulty,False,,False,,0.0,,0
bridge,test,bridge:05323a9ce664b1c3bffe,replace_two_phase_commit_with_naive_memory,False,,False,,0.0,,0
bridge,test,bridge:0c6482ce5ac464be849f,ours_full,False,,False,,0.0,,0
bridge,test,bridge:0c6482ce5ac464be849f,ablate_risk_estimator,False,,False,,0.0,,0
bridge,test,bridge:0c6482ce5ac464be849f,ablate_qos_routing,False,,False,,0.0,,0
bridge,test,bridge:0c6482ce5ac464be849f,ablate_budget_controller,False,,False,,0.0,,0
bridge,test,bridge:0c6482ce5ac464be849f,ablate_leakage_risk,False,,False,,0.0,,0
bridge,test,bridge:0c6482ce5ac464be849f,ablate_misconception_risk,False,,False,,0.0,,0
bridge,test,bridge:0c6482ce5ac464be849f,ablate_state_conflict_risk,False,,False,,0.0,,0
bridge,test,bridge:0c6482ce5ac464be849f,ablate_state_commit,False,,False,,0.0,,0
bridge,test,bridge:0c6482ce5ac464be849f,ablate_confidence_weighted_commit,False,,False,,0.0,,0
bridge,test,bridge:0c6482ce5ac464be849f,replace_pedagogical_risk_with_difficulty,False,,False,,0.0,,0
bridge,test,bridge:0c6482ce5ac464be849f,replace_two_phase_commit_with_naive_memory,False,,False,,0.0,,0
bridge,test,bridge:12ba4c702dfac11911d4,ours_full,False,,False,,0.0,,0
bridge,test,bridge:12ba4c702dfac11911d4,ablate_risk_estimator,False,,False,,0.0,,0
bridge,test,bridge:12ba4c702dfac11911d4,ablate_qos_routing,False,,False,,0.0,,0
bridge,test,bridge:12ba4c702dfac11911d4,ablate_budget_controller,False,,False,,0.0,,0
bridge,test,bridge:12ba4c702dfac11911d4,ablate_leakage_risk,False,,False,,0.0,,0
bridge,test,bridge:12ba4c702dfac11911d4,ablate_misconception_risk,False,,False,,0.0,,0
bridge,test,bridge:12ba4c702dfac11911d4,ablate_state_conflict_risk,False,,False,,0.0,,0
bridge,test,bridge:12ba4c702dfac11911d4,ablate_state_commit,False,,False,,0.0,,0
bridge,test,bridge:12ba4c702dfac11911d4,ablate_confidence_weighted_commit,False,,False,,0.0,,0
bridge,test,bridge:12ba4c702dfac11911d4,replace_pedagogical_risk_with_difficulty,False,,False,,0.0,,0
bridge,test,bridge:12ba4c702dfac11911d4,replace_two_phase_commit_with_naive_memory,False,,False,,0.0,,0
misconception,test,misconception:0891f60df6b4c514d6a7,ours_full,False,,False,,0.0,,0
misconception,test,misconception:0891f60df6b4c514d6a7,ablate_risk_estimator,False,,False,,0.0,,0
misconception,test,misconception:0891f60df6b4c514d6a7,ablate_qos_routing,False,,False,,0.0,,0
misconception,test,misconception:0891f60df6b4c514d6a7,ablate_budget_controller,False,,False,,0.0,,0
misconception,test,misconception:0891f60df6b4c514d6a7,ablate_leakage_risk,False,,False,,0.0,,0
misconception,test,misconception:0891f60df6b4c514d6a7,ablate_misconception_risk,False,,False,,0.0,,0
misconception,test,misconception:0891f60df6b4c514d6a7,ablate_state_conflict_risk,False,,False,,0.0,,0
misconception,test,misconception:0891f60df6b4c514d6a7,ablate_state_commit,False,,False,,0.0,,0
misconception,test,misconception:0891f60df6b4c514d6a7,ablate_confidence_weighted_commit,False,,False,,0.0,,0
misconception,test,misconception:0891f60df6b4c514d6a7,replace_pedagogical_risk_with_difficulty,False,,False,,0.0,,0
misconception,test,misconception:0891f60df6b4c514d6a7,replace_two_phase_commit_with_naive_memory,False,,False,,0.0,,0
misconception,test,misconception:1628138a74ddd5d7b365,ours_full,False,,False,,0.0,,0
misconception,test,misconception:1628138a74ddd5d7b365,ablate_risk_estimator,False,,False,,0.0,,0
misconception,test,misconception:1628138a74ddd5d7b365,ablate_qos_routing,False,,False,,0.0,,0
misconception,test,misconception:1628138a74ddd5d7b365,ablate_budget_controller,False,,False,,0.0,,0
misconception,test,misconception:1628138a74ddd5d7b365,ablate_leakage_risk,False,,False,,0.0,,0
misconception,test,misconception:1628138a74ddd5d7b365,ablate_misconception_risk,False,,False,,0.0,,0
misconception,test,misconception:1628138a74ddd5d7b365,ablate_state_conflict_risk,False,,False,,0.0,,0
misconception,test,misconception:1628138a74ddd5d7b365,ablate_state_commit,False,,False,,0.0,,0
misconception,test,misconception:1628138a74ddd5d7b365,ablate_confidence_weighted_commit,False,,False,,0.0,,0
misconception,test,misconception:1628138a74ddd5d7b365,replace_pedagogical_risk_with_difficulty,False,,False,,0.0,,0
misconception,test,misconception:1628138a74ddd5d7b365,replace_two_phase_commit_with_naive_memory,False,,False,,0.0,,0
misconception,test,misconception:1fd20a290a8da3cddee6,ours_full,False,,False,,0.0,,0
misconception,test,misconception:1fd20a290a8da3cddee6,ablate_risk_estimator,False,,False,,0.0,,0
misconception,test,misconception:1fd20a290a8da3cddee6,ablate_qos_routing,False,,False,,0.0,,0
misconception,test,misconception:1fd20a290a8da3cddee6,ablate_budget_controller,False,,False,,0.0,,0
misconception,test,misconception:1fd20a290a8da3cddee6,ablate_leakage_risk,False,,False,,0.0,,0
misconception,test,misconception:1fd20a290a8da3cddee6,ablate_misconception_risk,False,,False,,0.0,,0
misconception,test,misconception:1fd20a290a8da3cddee6,ablate_state_conflict_risk,False,,False,,0.0,,0
misconception,test,misconception:1fd20a290a8da3cddee6,ablate_state_commit,False,,False,,0.0,,0
misconception,test,misconception:1fd20a290a8da3cddee6,ablate_confidence_weighted_commit,False,,False,,0.0,,0
misconception,test,misconception:1fd20a290a8da3cddee6,replace_pedagogical_risk_with_difficulty,False,,False,,0.0,,0
misconception,test,misconception:1fd20a290a8da3cddee6,replace_two_phase_commit_with_naive_memory,False,,False,,0.0,,0
mathdial,test,mathdial:fb9c86fbdbe659b34da7,ours_full,False,,False,,0.0,,0
mathdial,test,mathdial:fb9c86fbdbe659b34da7,ablate_risk_estimator,False,,False,,0.0,,0
mathdial,test,mathdial:fb9c86fbdbe659b34da7,ablate_qos_routing,False,,False,,0.0,,0
mathdial,test,mathdial:fb9c86fbdbe659b34da7,ablate_budget_controller,False,,False,,0.0,,0
mathdial,test,mathdial:fb9c86fbdbe659b34da7,ablate_leakage_risk,False,,False,,0.0,,0
mathdial,test,mathdial:fb9c86fbdbe659b34da7,ablate_misconception_risk,False,,False,,0.0,,0
mathdial,test,mathdial:fb9c86fbdbe659b34da7,ablate_state_conflict_risk,False,,False,,0.0,,0
mathdial,test,mathdial:fb9c86fbdbe659b34da7,ablate_state_commit,False,,False,,0.0,,0
mathdial,test,mathdial:fb9c86fbdbe659b34da7,ablate_confidence_weighted_commit,False,,False,,0.0,,0
mathdial,test,mathdial:fb9c86fbdbe659b34da7,replace_pedagogical_risk_with_difficulty,False,,False,,0.0,,0
mathdial,test,mathdial:fb9c86fbdbe659b34da7,replace_two_phase_commit_with_naive_memory,False,,False,,0.0,,0
mathdial,test,mathdial:5184df0fedb0ef85b50d,ours_full,False,,False,,0.0,,0
mathdial,test,mathdial:5184df0fedb0ef85b50d,ablate_risk_estimator,False,,False,,0.0,,0
mathdial,test,mathdial:5184df0fedb0ef85b50d,ablate_qos_routing,False,,False,,0.0,,0
mathdial,test,mathdial:5184df0fedb0ef85b50d,ablate_budget_controller,False,,False,,0.0,,0
mathdial,test,mathdial:5184df0fedb0ef85b50d,ablate_leakage_risk,False,,False,,0.0,,0
mathdial,test,mathdial:5184df0fedb0ef85b50d,ablate_misconception_risk,False,,False,,0.0,,0
mathdial,test,mathdial:5184df0fedb0ef85b50d,ablate_state_conflict_risk,False,,False,,0.0,,0
mathdial,test,mathdial:5184df0fedb0ef85b50d,ablate_state_commit,False,,False,,0.0,,0
mathdial,test,mathdial:5184df0fedb0ef85b50d,ablate_confidence_weighted_commit,False,,False,,0.0,,0
mathdial,test,mathdial:5184df0fedb0ef85b50d,replace_pedagogical_risk_with_difficulty,False,,False,,0.0,,0
mathdial,test,mathdial:5184df0fedb0ef85b50d,replace_two_phase_commit_with_naive_memory,False,,False,,0.0,,0
mathdial,test,mathdial:c7a82421b2e25a873ce0,ours_full,False,,False,,0.0,,0
mathdial,test,mathdial:c7a82421b2e25a873ce0,ablate_risk_estimator,False,,False,,0.0,,0
mathdial,test,mathdial:c7a82421b2e25a873ce0,ablate_qos_routing,False,,False,,0.0,,0
mathdial,test,mathdial:c7a82421b2e25a873ce0,ablate_budget_controller,False,,False,,0.0,,0
mathdial,test,mathdial:c7a82421b2e25a873ce0,ablate_leakage_risk,False,,False,,0.0,,0
mathdial,test,mathdial:c7a82421b2e25a873ce0,ablate_misconception_risk,False,,False,,0.0,,0
mathdial,test,mathdial:c7a82421b2e25a873ce0,ablate_state_conflict_risk,False,,False,,0.0,,0
mathdial,test,mathdial:c7a82421b2e25a873ce0,ablate_state_commit,False,,False,,0.0,,0
mathdial,test,mathdial:c7a82421b2e25a873ce0,ablate_confidence_weighted_commit,False,,False,,0.0,,0
mathdial,test,mathdial:c7a82421b2e25a873ce0,replace_pedagogical_risk_with_difficulty,False,,False,,0.0,,0
mathdial,test,mathdial:c7a82421b2e25a873ce0,replace_two_phase_commit_with_naive_memory,False,,False,,0.0,,0
bridge,test,bridge:068be0e136e7113b5de1,ours_full,False,,False,,0.0,,0
bridge,test,bridge:068be0e136e7113b5de1,ablate_risk_estimator,False,,False,,0.0,,0
bridge,test,bridge:068be0e136e7113b5de1,ablate_qos_routing,False,,False,,0.0,,0
bridge,test,bridge:068be0e136e7113b5de1,ablate_budget_controller,False,,False,,0.0,,0
bridge,test,bridge:068be0e136e7113b5de1,ablate_leakage_risk,False,,False,,0.0,,0
bridge,test,bridge:068be0e136e7113b5de1,ablate_misconception_risk,False,,False,,0.0,,0
bridge,test,bridge:068be0e136e7113b5de1,ablate_state_conflict_risk,False,,False,,0.0,,0
bridge,test,bridge:068be0e136e7113b5de1,ablate_state_commit,False,,False,,0.0,,0
bridge,test,bridge:068be0e136e7113b5de1,ablate_confidence_weighted_commit,False,,False,,0.0,,0
bridge,test,bridge:068be0e136e7113b5de1,replace_pedagogical_risk_with_difficulty,False,,False,,0.0,,0
bridge,test,bridge:068be0e136e7113b5de1,replace_two_phase_commit_with_naive_memory,False,,False,,0.0,,0
bridge,test,bridge:0d3d8124e23241eadba6,ours_full,False,,False,,0.0,,0
bridge,test,bridge:0d3d8124e23241eadba6,ablate_risk_estimator,False,,False,,0.0,,0
bridge,test,bridge:0d3d8124e23241eadba6,ablate_qos_routing,False,,False,,0.0,,0
bridge,test,bridge:0d3d8124e23241eadba6,ablate_budget_controller,False,,False,,0.0,,0
bridge,test,bridge:0d3d8124e23241eadba6,ablate_leakage_risk,False,,False,,0.0,,0
bridge,test,bridge:0d3d8124e23241eadba6,ablate_misconception_risk,False,,False,,0.0,,0
bridge,test,bridge:0d3d8124e23241eadba6,ablate_state_conflict_risk,False,,False,,0.0,,0
bridge,test,bridge:0d3d8124e23241eadba6,ablate_state_commit,False,,False,,0.0,,0
bridge,test,bridge:0d3d8124e23241eadba6,ablate_confidence_weighted_commit,False,,False,,0.0,,0
bridge,test,bridge:0d3d8124e23241eadba6,replace_pedagogical_risk_with_difficulty,False,,False,,0.0,,0
bridge,test,bridge:0d3d8124e23241eadba6,replace_two_phase_commit_with_naive_memory,False,,False,,0.0,,0
bridge,test,bridge:13abb49505adafae35e6,ours_full,False,,False,,0.0,,0
bridge,test,bridge:13abb49505adafae35e6,ablate_risk_estimator,False,,False,,0.0,,0
bridge,test,bridge:13abb49505adafae35e6,ablate_qos_routing,False,,False,,0.0,,0
bridge,test,bridge:13abb49505adafae35e6,ablate_budget_controller,False,,False,,0.0,,0
bridge,test,bridge:13abb49505adafae35e6,ablate_leakage_risk,False,,False,,0.0,,0
bridge,test,bridge:13abb49505adafae35e6,ablate_misconception_risk,False,,False,,0.0,,0
bridge,test,bridge:13abb49505adafae35e6,ablate_state_conflict_risk,False,,False,,0.0,,0
bridge,test,bridge:13abb49505adafae35e6,ablate_state_commit,False,,False,,0.0,,0
bridge,test,bridge:13abb49505adafae35e6,ablate_confidence_weighted_commit,False,,False,,0.0,,0
bridge,test,bridge:13abb49505adafae35e6,replace_pedagogical_risk_with_difficulty,False,,False,,0.0,,0
bridge,test,bridge:13abb49505adafae35e6,replace_two_phase_commit_with_naive_memory,False,,False,,0.0,,0
misconception,test,misconception:08add1a7162c43c0a4c7,ours_full,False,,False,,0.0,,0
misconception,test,misconception:08add1a7162c43c0a4c7,ablate_risk_estimator,False,,False,,0.0,,0
misconception,test,misconception:08add1a7162c43c0a4c7,ablate_qos_routing,False,,False,,0.0,,0
misconception,test,misconception:08add1a7162c43c0a4c7,ablate_budget_controller,False,,False,,0.0,,0
misconception,test,misconception:08add1a7162c43c0a4c7,ablate_leakage_risk,False,,False,,0.0,,0
misconception,test,misconception:08add1a7162c43c0a4c7,ablate_misconception_risk,False,,False,,0.0,,0
misconception,test,misconception:08add1a7162c43c0a4c7,ablate_state_conflict_risk,False,,False,,0.0,,0
misconception,test,misconception:08add1a7162c43c0a4c7,ablate_state_commit,False,,False,,0.0,,0
misconception,test,misconception:08add1a7162c43c0a4c7,ablate_confidence_weighted_commit,False,,False,,0.0,,0
misconception,test,misconception:08add1a7162c43c0a4c7,replace_pedagogical_risk_with_difficulty,False,,False,,0.0,,0
misconception,test,misconception:08add1a7162c43c0a4c7,replace_two_phase_commit_with_naive_memory,False,,False,,0.0,,0
misconception,test,misconception:1786764e999e2f281eed,ours_full,False,,False,,0.0,,0
misconception,test,misconception:1786764e999e2f281eed,ablate_risk_estimator,False,,False,,0.0,,0
misconception,test,misconception:1786764e999e2f281eed,ablate_qos_routing,False,,False,,0.0,,0
misconception,test,misconception:1786764e999e2f281eed,ablate_budget_controller,False,,False,,0.0,,0
misconception,test,misconception:1786764e999e2f281eed,ablate_leakage_risk,False,,False,,0.0,,0
misconception,test,misconception:1786764e999e2f281eed,ablate_misconception_risk,False,,False,,0.0,,0
misconception,test,misconception:1786764e999e2f281eed,ablate_state_conflict_risk,False,,False,,0.0,,0
misconception,test,misconception:1786764e999e2f281eed,ablate_state_commit,False,,False,,0.0,,0
misconception,test,misconception:1786764e999e2f281eed,ablate_confidence_weighted_commit,False,,False,,0.0,,0
misconception,test,misconception:1786764e999e2f281eed,replace_pedagogical_risk_with_difficulty,False,,False,,0.0,,0
misconception,test,misconception:1786764e999e2f281eed,replace_two_phase_commit_with_naive_memory,False,,False,,0.0,,0
misconception,test,misconception:217322f55376e43cbd76,ours_full,False,,False,,0.0,,0
misconception,test,misconception:217322f55376e43cbd76,ablate_risk_estimator,False,,False,,0.0,,0
misconception,test,misconception:217322f55376e43cbd76,ablate_qos_routing,False,,False,,0.0,,0
misconception,test,misconception:217322f55376e43cbd76,ablate_budget_controller,False,,False,,0.0,,0
misconception,test,misconception:217322f55376e43cbd76,ablate_leakage_risk,False,,False,,0.0,,0
misconception,test,misconception:217322f55376e43cbd76,ablate_misconception_risk,False,,False,,0.0,,0
misconception,test,misconception:217322f55376e43cbd76,ablate_state_conflict_risk,False,,False,,0.0,,0
misconception,test,misconception:217322f55376e43cbd76,ablate_state_commit,False,,False,,0.0,,0
misconception,test,misconception:217322f55376e43cbd76,ablate_confidence_weighted_commit,False,,False,,0.0,,0
misconception,test,misconception:217322f55376e43cbd76,replace_pedagogical_risk_with_difficulty,False,,False,,0.0,,0
misconception,test,misconception:217322f55376e43cbd76,replace_two_phase_commit_with_naive_memory,False,,False,,0.0,,0
mathdial,test,mathdial:e2c200fd585cdc7faef8,ours_full,False,,False,,0.0,,0
mathdial,test,mathdial:e2c200fd585cdc7faef8,ablate_risk_estimator,False,,False,,0.0,,0
mathdial,test,mathdial:e2c200fd585cdc7faef8,ablate_qos_routing,False,,False,,0.0,,0
mathdial,test,mathdial:e2c200fd585cdc7faef8,ablate_budget_controller,False,,False,,0.0,,0
mathdial,test,mathdial:e2c200fd585cdc7faef8,ablate_leakage_risk,False,,False,,0.0,,0
mathdial,test,mathdial:e2c200fd585cdc7faef8,ablate_misconception_risk,False,,False,,0.0,,0
mathdial,test,mathdial:e2c200fd585cdc7faef8,ablate_state_conflict_risk,False,,False,,0.0,,0
mathdial,test,mathdial:e2c200fd585cdc7faef8,ablate_state_commit,False,,False,,0.0,,0
mathdial,test,mathdial:e2c200fd585cdc7faef8,ablate_confidence_weighted_commit,False,,False,,0.0,,0
mathdial,test,mathdial:e2c200fd585cdc7faef8,replace_pedagogical_risk_with_difficulty,False,,False,,0.0,,0
mathdial,test,mathdial:e2c200fd585cdc7faef8,replace_two_phase_commit_with_naive_memory,False,,False,,0.0,,0
mathdial,test,mathdial:edab2b7253a357d3e2cc,ours_full,False,,False,,0.0,,0
mathdial,test,mathdial:edab2b7253a357d3e2cc,ablate_risk_estimator,False,,False,,0.0,,0
mathdial,test,mathdial:edab2b7253a357d3e2cc,ablate_qos_routing,False,,False,,0.0,,0
mathdial,test,mathdial:edab2b7253a357d3e2cc,ablate_budget_controller,False,,False,,0.0,,0
mathdial,test,mathdial:edab2b7253a357d3e2cc,ablate_leakage_risk,False,,False,,0.0,,0
mathdial,test,mathdial:edab2b7253a357d3e2cc,ablate_misconception_risk,False,,False,,0.0,,0
mathdial,test,mathdial:edab2b7253a357d3e2cc,ablate_state_conflict_risk,False,,False,,0.0,,0
mathdial,test,mathdial:edab2b7253a357d3e2cc,ablate_state_commit,False,,False,,0.0,,0
mathdial,test,mathdial:edab2b7253a357d3e2cc,ablate_confidence_weighted_commit,False,,False,,0.0,,0
mathdial,test,mathdial:edab2b7253a357d3e2cc,replace_pedagogical_risk_with_difficulty,False,,False,,0.0,,0
mathdial,test,mathdial:edab2b7253a357d3e2cc,replace_two_phase_commit_with_naive_memory,False,,False,,0.0,,0
mathdial,test,mathdial:9fc6684f566d95b45040,ours_full,False,,False,,0.0,,0
mathdial,test,mathdial:9fc6684f566d95b45040,ablate_risk_estimator,False,,False,,0.0,,0
mathdial,test,mathdial:9fc6684f566d95b45040,ablate_qos_routing,False,,False,,0.0,,0
mathdial,test,mathdial:9fc6684f566d95b45040,ablate_budget_controller,False,,False,,0.0,,0
mathdial,test,mathdial:9fc6684f566d95b45040,ablate_leakage_risk,False,,False,,0.0,,0
mathdial,test,mathdial:9fc6684f566d95b45040,ablate_misconception_risk,False,,False,,0.0,,0
mathdial,test,mathdial:9fc6684f566d95b45040,ablate_state_conflict_risk,False,,False,,0.0,,0
mathdial,test,mathdial:9fc6684f566d95b45040,ablate_state_commit,False,,False,,0.0,,0
mathdial,test,mathdial:9fc6684f566d95b45040,ablate_confidence_weighted_commit,False,,False,,0.0,,0
mathdial,test,mathdial:9fc6684f566d95b45040,replace_pedagogical_risk_with_difficulty,False,,False,,0.0,,0
mathdial,test,mathdial:9fc6684f566d95b45040,replace_two_phase_commit_with_naive_memory,False,,False,,0.0,,0
bridge,test,bridge:07582311afff4585371f,ours_full,False,,False,,0.0,,0
bridge,test,bridge:07582311afff4585371f,ablate_risk_estimator,False,,False,,0.0,,0
bridge,test,bridge:07582311afff4585371f,ablate_qos_routing,False,,False,,0.0,,0
bridge,test,bridge:07582311afff4585371f,ablate_budget_controller,False,,False,,0.0,,0
bridge,test,bridge:07582311afff4585371f,ablate_leakage_risk,False,,False,,0.0,,0
bridge,test,bridge:07582311afff4585371f,ablate_misconception_risk,False,,False,,0.0,,0
bridge,test,bridge:07582311afff4585371f,ablate_state_conflict_risk,False,,False,,0.0,,0
bridge,test,bridge:07582311afff4585371f,ablate_state_commit,False,,False,,0.0,,0
bridge,test,bridge:07582311afff4585371f,ablate_confidence_weighted_commit,False,,False,,0.0,,0
bridge,test,bridge:07582311afff4585371f,replace_pedagogical_risk_with_difficulty,False,,False,,0.0,,0
bridge,test,bridge:07582311afff4585371f,replace_two_phase_commit_with_naive_memory,False,,False,,0.0,,0
bridge,test,bridge:0e48934231012731a20e,ours_full,False,,False,,0.0,,0
bridge,test,bridge:0e48934231012731a20e,ablate_risk_estimator,False,,False,,0.0,,0
bridge,test,bridge:0e48934231012731a20e,ablate_qos_routing,False,,False,,0.0,,0
bridge,test,bridge:0e48934231012731a20e,ablate_budget_controller,False,,False,,0.0,,0
bridge,test,bridge:0e48934231012731a20e,ablate_leakage_risk,False,,False,,0.0,,0
bridge,test,bridge:0e48934231012731a20e,ablate_misconception_risk,False,,False,,0.0,,0
bridge,test,bridge:0e48934231012731a20e,ablate_state_conflict_risk,False,,False,,0.0,,0
bridge,test,bridge:0e48934231012731a20e,ablate_state_commit,False,,False,,0.0,,0
bridge,test,bridge:0e48934231012731a20e,ablate_confidence_weighted_commit,False,,False,,0.0,,0
bridge,test,bridge:0e48934231012731a20e,replace_pedagogical_risk_with_difficulty,False,,False,,0.0,,0
bridge,test,bridge:0e48934231012731a20e,replace_two_phase_commit_with_naive_memory,False,,False,,0.0,,0
bridge,test,bridge:13e0475fa3c4ebcc8d95,ours_full,False,,False,,0.0,,0
bridge,test,bridge:13e0475fa3c4ebcc8d95,ablate_risk_estimator,False,,False,,0.0,,0
bridge,test,bridge:13e0475fa3c4ebcc8d95,ablate_qos_routing,False,,False,,0.0,,0
bridge,test,bridge:13e0475fa3c4ebcc8d95,ablate_budget_controller,False,,False,,0.0,,0
bridge,test,bridge:13e0475fa3c4ebcc8d95,ablate_leakage_risk,False,,False,,0.0,,0
bridge,test,bridge:13e0475fa3c4ebcc8d95,ablate_misconception_risk,False,,False,,0.0,,0
bridge,test,bridge:13e0475fa3c4ebcc8d95,ablate_state_conflict_risk,False,,False,,0.0,,0
bridge,test,bridge:13e0475fa3c4ebcc8d95,ablate_state_commit,False,,False,,0.0,,0
bridge,test,bridge:13e0475fa3c4ebcc8d95,ablate_confidence_weighted_commit,False,,False,,0.0,,0
bridge,test,bridge:13e0475fa3c4ebcc8d95,replace_pedagogical_risk_with_difficulty,False,,False,,0.0,,0
bridge,test,bridge:13e0475fa3c4ebcc8d95,replace_two_phase_commit_with_naive_memory,False,,False,,0.0,,0
misconception,test,misconception:09e259ea4d743fbdf988,ours_full,False,,False,,0.0,,0
misconception,test,misconception:09e259ea4d743fbdf988,ablate_risk_estimator,False,,False,,0.0,,0
misconception,test,misconception:09e259ea4d743fbdf988,ablate_qos_routing,False,,False,,0.0,,0
misconception,test,misconception:09e259ea4d743fbdf988,ablate_budget_controller,False,,False,,0.0,,0
misconception,test,misconception:09e259ea4d743fbdf988,ablate_leakage_risk,False,,False,,0.0,,0
misconception,test,misconception:09e259ea4d743fbdf988,ablate_misconception_risk,False,,False,,0.0,,0
misconception,test,misconception:09e259ea4d743fbdf988,ablate_state_conflict_risk,False,,False,,0.0,,0
misconception,test,misconception:09e259ea4d743fbdf988,ablate_state_commit,False,,False,,0.0,,0
misconception,test,misconception:09e259ea4d743fbdf988,ablate_confidence_weighted_commit,False,,False,,0.0,,0
misconception,test,misconception:09e259ea4d743fbdf988,replace_pedagogical_risk_with_difficulty,False,,False,,0.0,,0
misconception,test,misconception:09e259ea4d743fbdf988,replace_two_phase_commit_with_naive_memory,False,,False,,0.0,,0
misconception,test,misconception:179e1ded4707147442fc,ours_full,False,,False,,0.0,,0
misconception,test,misconception:179e1ded4707147442fc,ablate_risk_estimator,False,,False,,0.0,,0
misconception,test,misconception:179e1ded4707147442fc,ablate_qos_routing,False,,False,,0.0,,0
misconception,test,misconception:179e1ded4707147442fc,ablate_budget_controller,False,,False,,0.0,,0
misconception,test,misconception:179e1ded4707147442fc,ablate_leakage_risk,False,,False,,0.0,,0
misconception,test,misconception:179e1ded4707147442fc,ablate_misconception_risk,False,,False,,0.0,,0
misconception,test,misconception:179e1ded4707147442fc,ablate_state_conflict_risk,False,,False,,0.0,,0
misconception,test,misconception:179e1ded4707147442fc,ablate_state_commit,False,,False,,0.0,,0
misconception,test,misconception:179e1ded4707147442fc,ablate_confidence_weighted_commit,False,,False,,0.0,,0
misconception,test,misconception:179e1ded4707147442fc,replace_pedagogical_risk_with_difficulty,False,,False,,0.0,,0
misconception,test,misconception:179e1ded4707147442fc,replace_two_phase_commit_with_naive_memory,False,,False,,0.0,,0
misconception,test,misconception:22b429da1951dc7dbc90,ours_full,False,,False,,0.0,,0
misconception,test,misconception:22b429da1951dc7dbc90,ablate_risk_estimator,False,,False,,0.0,,0
misconception,test,misconception:22b429da1951dc7dbc90,ablate_qos_routing,False,,False,,0.0,,0
misconception,test,misconception:22b429da1951dc7dbc90,ablate_budget_controller,False,,False,,0.0,,0
misconception,test,misconception:22b429da1951dc7dbc90,ablate_leakage_risk,False,,False,,0.0,,0
misconception,test,misconception:22b429da1951dc7dbc90,ablate_misconception_risk,False,,False,,0.0,,0
misconception,test,misconception:22b429da1951dc7dbc90,ablate_state_conflict_risk,False,,False,,0.0,,0
misconception,test,misconception:22b429da1951dc7dbc90,ablate_state_commit,False,,False,,0.0,,0
misconception,test,misconception:22b429da1951dc7dbc90,ablate_confidence_weighted_commit,False,,False,,0.0,,0
misconception,test,misconception:22b429da1951dc7dbc90,replace_pedagogical_risk_with_difficulty,False,,False,,0.0,,0
misconception,test,misconception:22b429da1951dc7dbc90,replace_two_phase_commit_with_naive_memory,False,,False,,0.0,,0
